title,alias,sku,tags,category,main_image,thumb_image,additional_images,introtext,fulltext,enabled
1003,b1003,1003,bundle,bundle,images/bundle/1003_762.jpg,images/bundle/1003_277.jpg,,"<ul class=""point_description"">\r\n<li><span class=""a-list-item"">【テーブルサイズ】幅60奥行40×高さ28cm、重量2.6kg、耐荷重：40kg</span></li>\r\n<li><span class=""a-list-item"">【素材＆材質】天板/プリント紙化粧パーティクルボード、天板側面/合成樹脂(PVC)、脚部/アルミ。</span></li>\r\n<li><span class=""a-list-item"">【持ち運び・収納も簡単】折りたたみから収納するまで2つのステップしかない！アルミニウム製の足を折りたためばベッドやソファー下、隙間への収納が可能。インストールする必要はありません。インドアやアウトドア活動に適用です。</span></li>\r\n<li><span class=""a-list-item"">【ヒューマナイズドデザイン】いつでもどこでも快適さをもたらします。 スペースアルミで作られたU型脚部、軽くてしっかり立てます。 脚部保護パッド、滑り止めで磨滅に耐える。 お腹にフィットする人間工学弧線設計で、もっと快適、凹溝付きで、タブレット/スマホが簡単に置けます。</span></li>\r\n<li><span class=""a-list-item"">【ノートパソコンに最適なミニデスク】11-17インチのノートPCの使用に最適な折り畳み式テーブル、ベッド・ソファーの上でも勉強や仕事、読書、執筆、ゲームなどの作業が快適に。お茶を飲んだり、お菓子を食べたり、お子さんの勉強机にも手頃な大きさで役立ちます。食事、勉強、ゲームなどの際にぴったりのちゃぶ台です。</span></li>\r\n</ul>\r\n",,1
1004,b1004,1004,bundle,bundle,images/bundle/1004_762.jpg,images/bundle/1004_277.jpg,,"<ul class=""point_description"">\r\n<li><span class=""a-list-item"">【テーブルサイズ】幅60奥行40×高さ28cm、重量2.6kg、耐荷重：40kg</span></li>\r\n<li><span class=""a-list-item"">【素材＆材質】天板/プリント紙化粧パーティクルボード、天板側面/合成樹脂(PVC)、脚部/アルミ。</span></li>\r\n<li><span class=""a-list-item"">【持ち運び・収納も簡単】折りたたみから収納するまで2つのステップしかない！アルミニウム製の足を折りたためばベッドやソファー下、隙間への収納が可能。インストールする必要はありません。インドアやアウトドア活動に適用です。</span></li>\r\n<li><span class=""a-list-item"">【ヒューマナイズドデザイン】いつでもどこでも快適さをもたらします。 スペースアルミで作られたU型脚部、軽くてしっかり立てます。 脚部保護パッド、滑り止めで磨滅に耐える。 お腹にフィットする人間工学弧線設計で、もっと快適、凹溝付きで、タブレット/スマホが簡単に置けます。</span></li>\r\n<li><span class=""a-list-item"">【ノートパソコンに最適なミニデスク】11-17インチのノートPCの使用に最適な折り畳み式テーブル、ベッド・ソファーの上でも勉強や仕事、読書、執筆、ゲームなどの作業が快適に。お茶を飲んだり、お菓子を食べたり、お子さんの勉強机にも手頃な大きさで役立ちます。食事、勉強、ゲームなどの際にぴったりのちゃぶ台です。</span></li>\r\n</ul>\r\n",,1
1005,b1005,1005,bundle,bundle,images/bundle/1005_762.jpg,images/bundle/1005_277.jpg,,"<ul class=""point_description"">\r\n<li><span class=""a-list-item"">【テーブルサイズ】幅60奥行40×高さ28cm、重量2.6kg、耐荷重：40kg</span></li>\r\n<li><span class=""a-list-item"">【素材＆材質】天板/プリント紙化粧パーティクルボード、天板側面/合成樹脂(PVC)、脚部/アルミ。</span></li>\r\n<li><span class=""a-list-item"">【持ち運び・収納も簡単】折りたたみから収納するまで2つのステップしかない！アルミニウム製の足を折りたためばベッドやソファー下、隙間への収納が可能。インストールする必要はありません。インドアやアウトドア活動に適用です。</span></li>\r\n<li><span class=""a-list-item"">【ヒューマナイズドデザイン】いつでもどこでも快適さをもたらします。 スペースアルミで作られたU型脚部、軽くてしっかり立てます。 脚部保護パッド、滑り止めで磨滅に耐える。 お腹にフィットする人間工学弧線設計で、もっと快適、凹溝付きで、タブレット/スマホが簡単に置けます。</span></li>\r\n<li><span class=""a-list-item"">【ノートパソコンに最適なミニデスク】11-17インチのノートPCの使用に最適な折り畳み式テーブル、ベッド・ソファーの上でも勉強や仕事、読書、執筆、ゲームなどの作業が快適に。お茶を飲んだり、お菓子を食べたり、お子さんの勉強机にも手頃な大きさで役立ちます。食事、勉強、ゲームなどの際にぴったりのちゃぶ台です。</span></li>\r\n</ul>\r\n",,1
1009,b1009,1009,bundle,bundle,images/bundle/1009_762.jpg,images/bundle/1009_277.jpg,,"<ul class=""point_description"">\r\n<li><span class=""a-list-item"">【テーブルサイズ】幅60奥行40×高さ28cm、重量2.6kg、耐荷重：40kg</span></li>\r\n<li><span class=""a-list-item"">【素材＆材質】天板/プリント紙化粧パーティクルボード、天板側面/合成樹脂(PVC)、脚部/アルミ。</span></li>\r\n<li><span class=""a-list-item"">【持ち運び・収納も簡単】折りたたみから収納するまで2つのステップしかない！アルミニウム製の足を折りたためばベッドやソファー下、隙間への収納が可能。インストールする必要はありません。インドアやアウトドア活動に適用です。</span></li>\r\n<li><span class=""a-list-item"">【ヒューマナイズドデザイン】いつでもどこでも快適さをもたらします。 スペースアルミで作られたU型脚部、軽くてしっかり立てます。 脚部保護パッド、滑り止めで磨滅に耐える。 お腹にフィットする人間工学弧線設計で、もっと快適、凹溝付きで、タブレット/スマホが簡単に置けます。</span></li>\r\n<li><span class=""a-list-item"">【ノートパソコンに最適なミニデスク】11-17インチのノートPCの使用に最適な折り畳み式テーブル、ベッド・ソファーの上でも勉強や仕事、読書、執筆、ゲームなどの作業が快適に。お茶を飲んだり、お菓子を食べたり、お子さんの勉強机にも手頃な大きさで役立ちます。食事、勉強、ゲームなどの際にぴったりのちゃぶ台です。</span></li>\r\n</ul>\r\n",,1
1011,b1011,1011,bundle,bundle,images/bundle/1011_762.jpg,images/bundle/1011_277.jpg,,"<ul class=""point_description"">\r\n<li><span class=""a-list-item"">【テーブルサイズ】幅60奥行40×高さ28cm、重量2.6kg、耐荷重：40kg</span></li>\r\n<li><span class=""a-list-item"">【素材＆材質】天板/プリント紙化粧パーティクルボード、天板側面/合成樹脂(PVC)、脚部/アルミ。</span></li>\r\n<li><span class=""a-list-item"">【持ち運び・収納も簡単】折りたたみから収納するまで2つのステップしかない！アルミニウム製の足を折りたためばベッドやソファー下、隙間への収納が可能。インストールする必要はありません。インドアやアウトドア活動に適用です。</span></li>\r\n<li><span class=""a-list-item"">【ヒューマナイズドデザイン】いつでもどこでも快適さをもたらします。 スペースアルミで作られたU型脚部、軽くてしっかり立てます。 脚部保護パッド、滑り止めで磨滅に耐える。 お腹にフィットする人間工学弧線設計で、もっと快適、凹溝付きで、タブレット/スマホが簡単に置けます。</span></li>\r\n<li><span class=""a-list-item"">【ノートパソコンに最適なミニデスク】11-17インチのノートPCの使用に最適な折り畳み式テーブル、ベッド・ソファーの上でも勉強や仕事、読書、執筆、ゲームなどの作業が快適に。お茶を飲んだり、お菓子を食べたり、お子さんの勉強机にも手頃な大きさで役立ちます。食事、勉強、ゲームなどの際にぴったりのちゃぶ台です。</span></li>\r\n</ul>\r\n",,1
1016,b1016,1016,bundle,bundle,images/bundle/1016_762.jpg,images/bundle/1016_277.jpg,,"<ul class=""point_description"">\r\n<li><span class=""a-list-item"">【テーブルサイズ】幅60奥行40×高さ28cm、重量2.6kg、耐荷重：40kg</span></li>\r\n<li><span class=""a-list-item"">【素材＆材質】天板/プリント紙化粧パーティクルボード、天板側面/合成樹脂(PVC)、脚部/アルミ。</span></li>\r\n<li><span class=""a-list-item"">【持ち運び・収納も簡単】折りたたみから収納するまで2つのステップしかない！アルミニウム製の足を折りたためばベッドやソファー下、隙間への収納が可能。インストールする必要はありません。インドアやアウトドア活動に適用です。</span></li>\r\n<li><span class=""a-list-item"">【ヒューマナイズドデザイン】いつでもどこでも快適さをもたらします。 スペースアルミで作られたU型脚部、軽くてしっかり立てます。 脚部保護パッド、滑り止めで磨滅に耐える。 お腹にフィットする人間工学弧線設計で、もっと快適、凹溝付きで、タブレット/スマホが簡単に置けます。</span></li>\r\n<li><span class=""a-list-item"">【ノートパソコンに最適なミニデスク】11-17インチのノートPCの使用に最適な折り畳み式テーブル、ベッド・ソファーの上でも勉強や仕事、読書、執筆、ゲームなどの作業が快適に。お茶を飲んだり、お菓子を食べたり、お子さんの勉強机にも手頃な大きさで役立ちます。食事、勉強、ゲームなどの際にぴったりのちゃぶ台です。</span></li>\r\n</ul>\r\n",,1
1021,b1021,1021,bundle,bundle,images/bundle/1021_762.jpg,images/bundle/1021_277.jpg,,"<ul class=""point_description"">\r\n<li><span class=""a-list-item"">【テーブルサイズ】幅60奥行40×高さ28cm、重量2.6kg、耐荷重：40kg</span></li>\r\n<li><span class=""a-list-item"">【素材＆材質】天板/プリント紙化粧パーティクルボード、天板側面/合成樹脂(PVC)、脚部/アルミ。</span></li>\r\n<li><span class=""a-list-item"">【持ち運び・収納も簡単】折りたたみから収納するまで2つのステップしかない！アルミニウム製の足を折りたためばベッドやソファー下、隙間への収納が可能。インストールする必要はありません。インドアやアウトドア活動に適用です。</span></li>\r\n<li><span class=""a-list-item"">【ヒューマナイズドデザイン】いつでもどこでも快適さをもたらします。 スペースアルミで作られたU型脚部、軽くてしっかり立てます。 脚部保護パッド、滑り止めで磨滅に耐える。 お腹にフィットする人間工学弧線設計で、もっと快適、凹溝付きで、タブレット/スマホが簡単に置けます。</span></li>\r\n<li><span class=""a-list-item"">【ノートパソコンに最適なミニデスク】11-17インチのノートPCの使用に最適な折り畳み式テーブル、ベッド・ソファーの上でも勉強や仕事、読書、執筆、ゲームなどの作業が快適に。お茶を飲んだり、お菓子を食べたり、お子さんの勉強机にも手頃な大きさで役立ちます。食事、勉強、ゲームなどの際にぴったりのちゃぶ台です。</span></li>\r\n</ul>\r\n",,1
1025,b1025,1025,bundle,bundle,images/bundle/1025_762.jpg,images/bundle/1025_277.jpg,,"<ul class=""point_description"">\r\n<li><span class=""a-list-item"">【テーブルサイズ】幅60奥行40×高さ28cm、重量2.6kg、耐荷重：40kg</span></li>\r\n<li><span class=""a-list-item"">【素材＆材質】天板/プリント紙化粧パーティクルボード、天板側面/合成樹脂(PVC)、脚部/アルミ。</span></li>\r\n<li><span class=""a-list-item"">【持ち運び・収納も簡単】折りたたみから収納するまで2つのステップしかない！アルミニウム製の足を折りたためばベッドやソファー下、隙間への収納が可能。インストールする必要はありません。インドアやアウトドア活動に適用です。</span></li>\r\n<li><span class=""a-list-item"">【ヒューマナイズドデザイン】いつでもどこでも快適さをもたらします。 スペースアルミで作られたU型脚部、軽くてしっかり立てます。 脚部保護パッド、滑り止めで磨滅に耐える。 お腹にフィットする人間工学弧線設計で、もっと快適、凹溝付きで、タブレット/スマホが簡単に置けます。</span></li>\r\n<li><span class=""a-list-item"">【ノートパソコンに最適なミニデスク】11-17インチのノートPCの使用に最適な折り畳み式テーブル、ベッド・ソファーの上でも勉強や仕事、読書、執筆、ゲームなどの作業が快適に。お茶を飲んだり、お菓子を食べたり、お子さんの勉強机にも手頃な大きさで役立ちます。食事、勉強、ゲームなどの際にぴったりのちゃぶ台です。</span></li>\r\n</ul>\r\n",,1
1028,b1028,1028,bundle,bundle,images/bundle/1028_762.jpg,images/bundle/1028_277.jpg,,"<ul class=""point_description"">\r\n<li><span class=""a-list-item"">【テーブルサイズ】幅60奥行40×高さ28cm、重量2.6kg、耐荷重：40kg</span></li>\r\n<li><span class=""a-list-item"">【素材＆材質】天板/プリント紙化粧パーティクルボード、天板側面/合成樹脂(PVC)、脚部/アルミ。</span></li>\r\n<li><span class=""a-list-item"">【持ち運び・収納も簡単】折りたたみから収納するまで2つのステップしかない！アルミニウム製の足を折りたためばベッドやソファー下、隙間への収納が可能。インストールする必要はありません。インドアやアウトドア活動に適用です。</span></li>\r\n<li><span class=""a-list-item"">【ヒューマナイズドデザイン】いつでもどこでも快適さをもたらします。 スペースアルミで作られたU型脚部、軽くてしっかり立てます。 脚部保護パッド、滑り止めで磨滅に耐える。 お腹にフィットする人間工学弧線設計で、もっと快適、凹溝付きで、タブレット/スマホが簡単に置けます。</span></li>\r\n<li><span class=""a-list-item"">【ノートパソコンに最適なミニデスク】11-17インチのノートPCの使用に最適な折り畳み式テーブル、ベッド・ソファーの上でも勉強や仕事、読書、執筆、ゲームなどの作業が快適に。お茶を飲んだり、お菓子を食べたり、お子さんの勉強机にも手頃な大きさで役立ちます。食事、勉強、ゲームなどの際にぴったりのちゃぶ台です。</span></li>\r\n</ul>\r\n",,1
1030,b1030,1030,bundle,bundle,images/bundle/1030_762.jpg,images/bundle/1030_277.jpg,,"<ul class=""point_description"">\r\n<li><span class=""a-list-item"">【テーブルサイズ】幅60奥行40×高さ28cm、重量2.6kg、耐荷重：40kg</span></li>\r\n<li><span class=""a-list-item"">【素材＆材質】天板/プリント紙化粧パーティクルボード、天板側面/合成樹脂(PVC)、脚部/アルミ。</span></li>\r\n<li><span class=""a-list-item"">【持ち運び・収納も簡単】折りたたみから収納するまで2つのステップしかない！アルミニウム製の足を折りたためばベッドやソファー下、隙間への収納が可能。インストールする必要はありません。インドアやアウトドア活動に適用です。</span></li>\r\n<li><span class=""a-list-item"">【ヒューマナイズドデザイン】いつでもどこでも快適さをもたらします。 スペースアルミで作られたU型脚部、軽くてしっかり立てます。 脚部保護パッド、滑り止めで磨滅に耐える。 お腹にフィットする人間工学弧線設計で、もっと快適、凹溝付きで、タブレット/スマホが簡単に置けます。</span></li>\r\n<li><span class=""a-list-item"">【ノートパソコンに最適なミニデスク】11-17インチのノートPCの使用に最適な折り畳み式テーブル、ベッド・ソファーの上でも勉強や仕事、読書、執筆、ゲームなどの作業が快適に。お茶を飲んだり、お菓子を食べたり、お子さんの勉強机にも手頃な大きさで役立ちます。食事、勉強、ゲームなどの際にぴったりのちゃぶ台です。</span></li>\r\n</ul>\r\n",,1
1032,b1032,1032,bundle,bundle,images/bundle/1032_762.jpg,images/bundle/1032_277.jpg,,"<ul class=""point_description"">\r\n<li><span class=""a-list-item"">【テーブルサイズ】幅60奥行40×高さ28cm、重量2.6kg、耐荷重：40kg</span></li>\r\n<li><span class=""a-list-item"">【素材＆材質】天板/プリント紙化粧パーティクルボード、天板側面/合成樹脂(PVC)、脚部/アルミ。</span></li>\r\n<li><span class=""a-list-item"">【持ち運び・収納も簡単】折りたたみから収納するまで2つのステップしかない！アルミニウム製の足を折りたためばベッドやソファー下、隙間への収納が可能。インストールする必要はありません。インドアやアウトドア活動に適用です。</span></li>\r\n<li><span class=""a-list-item"">【ヒューマナイズドデザイン】いつでもどこでも快適さをもたらします。 スペースアルミで作られたU型脚部、軽くてしっかり立てます。 脚部保護パッド、滑り止めで磨滅に耐える。 お腹にフィットする人間工学弧線設計で、もっと快適、凹溝付きで、タブレット/スマホが簡単に置けます。</span></li>\r\n<li><span class=""a-list-item"">【ノートパソコンに最適なミニデスク】11-17インチのノートPCの使用に最適な折り畳み式テーブル、ベッド・ソファーの上でも勉強や仕事、読書、執筆、ゲームなどの作業が快適に。お茶を飲んだり、お菓子を食べたり、お子さんの勉強机にも手頃な大きさで役立ちます。食事、勉強、ゲームなどの際にぴったりのちゃぶ台です。</span></li>\r\n</ul>\r\n",,1
1033,b1033,1033,bundle,bundle,images/bundle/1033_762.jpg,images/bundle/1033_277.jpg,,"<ul class=""point_description"">\r\n<li><span class=""a-list-item"">【テーブルサイズ】幅60奥行40×高さ28cm、重量2.6kg、耐荷重：40kg</span></li>\r\n<li><span class=""a-list-item"">【素材＆材質】天板/プリント紙化粧パーティクルボード、天板側面/合成樹脂(PVC)、脚部/アルミ。</span></li>\r\n<li><span class=""a-list-item"">【持ち運び・収納も簡単】折りたたみから収納するまで2つのステップしかない！アルミニウム製の足を折りたためばベッドやソファー下、隙間への収納が可能。インストールする必要はありません。インドアやアウトドア活動に適用です。</span></li>\r\n<li><span class=""a-list-item"">【ヒューマナイズドデザイン】いつでもどこでも快適さをもたらします。 スペースアルミで作られたU型脚部、軽くてしっかり立てます。 脚部保護パッド、滑り止めで磨滅に耐える。 お腹にフィットする人間工学弧線設計で、もっと快適、凹溝付きで、タブレット/スマホが簡単に置けます。</span></li>\r\n<li><span class=""a-list-item"">【ノートパソコンに最適なミニデスク】11-17インチのノートPCの使用に最適な折り畳み式テーブル、ベッド・ソファーの上でも勉強や仕事、読書、執筆、ゲームなどの作業が快適に。お茶を飲んだり、お菓子を食べたり、お子さんの勉強机にも手頃な大きさで役立ちます。食事、勉強、ゲームなどの際にぴったりのちゃぶ台です。</span></li>\r\n</ul>\r\n",,1
1036,b1036,1036,bundle,bundle,images/bundle/1036_762.jpg,images/bundle/1036_277.jpg,,"<ul class=""point_description"">\r\n<li><span class=""a-list-item"">【テーブルサイズ】幅60奥行40×高さ28cm、重量2.6kg、耐荷重：40kg</span></li>\r\n<li><span class=""a-list-item"">【素材＆材質】天板/プリント紙化粧パーティクルボード、天板側面/合成樹脂(PVC)、脚部/アルミ。</span></li>\r\n<li><span class=""a-list-item"">【持ち運び・収納も簡単】折りたたみから収納するまで2つのステップしかない！アルミニウム製の足を折りたためばベッドやソファー下、隙間への収納が可能。インストールする必要はありません。インドアやアウトドア活動に適用です。</span></li>\r\n<li><span class=""a-list-item"">【ヒューマナイズドデザイン】いつでもどこでも快適さをもたらします。 スペースアルミで作られたU型脚部、軽くてしっかり立てます。 脚部保護パッド、滑り止めで磨滅に耐える。 お腹にフィットする人間工学弧線設計で、もっと快適、凹溝付きで、タブレット/スマホが簡単に置けます。</span></li>\r\n<li><span class=""a-list-item"">【ノートパソコンに最適なミニデスク】11-17インチのノートPCの使用に最適な折り畳み式テーブル、ベッド・ソファーの上でも勉強や仕事、読書、執筆、ゲームなどの作業が快適に。お茶を飲んだり、お菓子を食べたり、お子さんの勉強机にも手頃な大きさで役立ちます。食事、勉強、ゲームなどの際にぴったりのちゃぶ台です。</span></li>\r\n</ul>\r\n",,1
1039,b1039,1039,bundle,bundle,images/bundle/1039_762.jpg,images/bundle/1039_277.jpg,,"<ul class=""point_description"">\r\n<li><span class=""a-list-item"">【テーブルサイズ】幅60奥行40×高さ28cm、重量2.6kg、耐荷重：40kg</span></li>\r\n<li><span class=""a-list-item"">【素材＆材質】天板/プリント紙化粧パーティクルボード、天板側面/合成樹脂(PVC)、脚部/アルミ。</span></li>\r\n<li><span class=""a-list-item"">【持ち運び・収納も簡単】折りたたみから収納するまで2つのステップしかない！アルミニウム製の足を折りたためばベッドやソファー下、隙間への収納が可能。インストールする必要はありません。インドアやアウトドア活動に適用です。</span></li>\r\n<li><span class=""a-list-item"">【ヒューマナイズドデザイン】いつでもどこでも快適さをもたらします。 スペースアルミで作られたU型脚部、軽くてしっかり立てます。 脚部保護パッド、滑り止めで磨滅に耐える。 お腹にフィットする人間工学弧線設計で、もっと快適、凹溝付きで、タブレット/スマホが簡単に置けます。</span></li>\r\n<li><span class=""a-list-item"">【ノートパソコンに最適なミニデスク】11-17インチのノートPCの使用に最適な折り畳み式テーブル、ベッド・ソファーの上でも勉強や仕事、読書、執筆、ゲームなどの作業が快適に。お茶を飲んだり、お菓子を食べたり、お子さんの勉強机にも手頃な大きさで役立ちます。食事、勉強、ゲームなどの際にぴったりのちゃぶ台です。</span></li>\r\n</ul>\r\n",,1
1041,b1041,1041,bundle,bundle,images/bundle/1041_762.jpg,images/bundle/1041_277.jpg,,"<ul class=""point_description"">\r\n<li><span class=""a-list-item"">【テーブルサイズ】幅60奥行40×高さ28cm、重量2.6kg、耐荷重：40kg</span></li>\r\n<li><span class=""a-list-item"">【素材＆材質】天板/プリント紙化粧パーティクルボード、天板側面/合成樹脂(PVC)、脚部/アルミ。</span></li>\r\n<li><span class=""a-list-item"">【持ち運び・収納も簡単】折りたたみから収納するまで2つのステップしかない！アルミニウム製の足を折りたためばベッドやソファー下、隙間への収納が可能。インストールする必要はありません。インドアやアウトドア活動に適用です。</span></li>\r\n<li><span class=""a-list-item"">【ヒューマナイズドデザイン】いつでもどこでも快適さをもたらします。 スペースアルミで作られたU型脚部、軽くてしっかり立てます。 脚部保護パッド、滑り止めで磨滅に耐える。 お腹にフィットする人間工学弧線設計で、もっと快適、凹溝付きで、タブレット/スマホが簡単に置けます。</span></li>\r\n<li><span class=""a-list-item"">【ノートパソコンに最適なミニデスク】11-17インチのノートPCの使用に最適な折り畳み式テーブル、ベッド・ソファーの上でも勉強や仕事、読書、執筆、ゲームなどの作業が快適に。お茶を飲んだり、お菓子を食べたり、お子さんの勉強机にも手頃な大きさで役立ちます。食事、勉強、ゲームなどの際にぴったりのちゃぶ台です。</span></li>\r\n</ul>\r\n",,1
1043,b1043,1043,bundle,bundle,images/bundle/1043_762.jpg,images/bundle/1043_277.jpg,,"<ul class=""point_description"">\r\n<li><span class=""a-list-item"">【テーブルサイズ】幅60奥行40×高さ28cm、重量2.6kg、耐荷重：40kg</span></li>\r\n<li><span class=""a-list-item"">【素材＆材質】天板/プリント紙化粧パーティクルボード、天板側面/合成樹脂(PVC)、脚部/アルミ。</span></li>\r\n<li><span class=""a-list-item"">【持ち運び・収納も簡単】折りたたみから収納するまで2つのステップしかない！アルミニウム製の足を折りたためばベッドやソファー下、隙間への収納が可能。インストールする必要はありません。インドアやアウトドア活動に適用です。</span></li>\r\n<li><span class=""a-list-item"">【ヒューマナイズドデザイン】いつでもどこでも快適さをもたらします。 スペースアルミで作られたU型脚部、軽くてしっかり立てます。 脚部保護パッド、滑り止めで磨滅に耐える。 お腹にフィットする人間工学弧線設計で、もっと快適、凹溝付きで、タブレット/スマホが簡単に置けます。</span></li>\r\n<li><span class=""a-list-item"">【ノートパソコンに最適なミニデスク】11-17インチのノートPCの使用に最適な折り畳み式テーブル、ベッド・ソファーの上でも勉強や仕事、読書、執筆、ゲームなどの作業が快適に。お茶を飲んだり、お菓子を食べたり、お子さんの勉強机にも手頃な大きさで役立ちます。食事、勉強、ゲームなどの際にぴったりのちゃぶ台です。</span></li>\r\n</ul>\r\n",,1
1044,b1044,1044,bundle,bundle,images/bundle/1044_762.jpg,images/bundle/1044_277.jpg,,"<ul class=""point_description"">\r\n<li><span class=""a-list-item"">【テーブルサイズ】幅60奥行40×高さ28cm、重量2.6kg、耐荷重：40kg</span></li>\r\n<li><span class=""a-list-item"">【素材＆材質】天板/プリント紙化粧パーティクルボード、天板側面/合成樹脂(PVC)、脚部/アルミ。</span></li>\r\n<li><span class=""a-list-item"">【持ち運び・収納も簡単】折りたたみから収納するまで2つのステップしかない！アルミニウム製の足を折りたためばベッドやソファー下、隙間への収納が可能。インストールする必要はありません。インドアやアウトドア活動に適用です。</span></li>\r\n<li><span class=""a-list-item"">【ヒューマナイズドデザイン】いつでもどこでも快適さをもたらします。 スペースアルミで作られたU型脚部、軽くてしっかり立てます。 脚部保護パッド、滑り止めで磨滅に耐える。 お腹にフィットする人間工学弧線設計で、もっと快適、凹溝付きで、タブレット/スマホが簡単に置けます。</span></li>\r\n<li><span class=""a-list-item"">【ノートパソコンに最適なミニデスク】11-17インチのノートPCの使用に最適な折り畳み式テーブル、ベッド・ソファーの上でも勉強や仕事、読書、執筆、ゲームなどの作業が快適に。お茶を飲んだり、お菓子を食べたり、お子さんの勉強机にも手頃な大きさで役立ちます。食事、勉強、ゲームなどの際にぴったりのちゃぶ台です。</span></li>\r\n</ul>\r\n",,1
1049,b1049,1049,bundle,bundle,images/bundle/1049_762.jpg,images/bundle/1049_277.jpg,,"<ul class=""point_description"">\r\n<li><span class=""a-list-item"">【テーブルサイズ】幅60奥行40×高さ28cm、重量2.6kg、耐荷重：40kg</span></li>\r\n<li><span class=""a-list-item"">【素材＆材質】天板/プリント紙化粧パーティクルボード、天板側面/合成樹脂(PVC)、脚部/アルミ。</span></li>\r\n<li><span class=""a-list-item"">【持ち運び・収納も簡単】折りたたみから収納するまで2つのステップしかない！アルミニウム製の足を折りたためばベッドやソファー下、隙間への収納が可能。インストールする必要はありません。インドアやアウトドア活動に適用です。</span></li>\r\n<li><span class=""a-list-item"">【ヒューマナイズドデザイン】いつでもどこでも快適さをもたらします。 スペースアルミで作られたU型脚部、軽くてしっかり立てます。 脚部保護パッド、滑り止めで磨滅に耐える。 お腹にフィットする人間工学弧線設計で、もっと快適、凹溝付きで、タブレット/スマホが簡単に置けます。</span></li>\r\n<li><span class=""a-list-item"">【ノートパソコンに最適なミニデスク】11-17インチのノートPCの使用に最適な折り畳み式テーブル、ベッド・ソファーの上でも勉強や仕事、読書、執筆、ゲームなどの作業が快適に。お茶を飲んだり、お菓子を食べたり、お子さんの勉強机にも手頃な大きさで役立ちます。食事、勉強、ゲームなどの際にぴったりのちゃぶ台です。</span></li>\r\n</ul>\r\n",,1
1050,b1050,1050,bundle,bundle,images/bundle/1050_762.jpg,images/bundle/1050_277.jpg,,"<ul class=""point_description"">\r\n<li><span class=""a-list-item"">【テーブルサイズ】幅60奥行40×高さ28cm、重量2.6kg、耐荷重：40kg</span></li>\r\n<li><span class=""a-list-item"">【素材＆材質】天板/プリント紙化粧パーティクルボード、天板側面/合成樹脂(PVC)、脚部/アルミ。</span></li>\r\n<li><span class=""a-list-item"">【持ち運び・収納も簡単】折りたたみから収納するまで2つのステップしかない！アルミニウム製の足を折りたためばベッドやソファー下、隙間への収納が可能。インストールする必要はありません。インドアやアウトドア活動に適用です。</span></li>\r\n<li><span class=""a-list-item"">【ヒューマナイズドデザイン】いつでもどこでも快適さをもたらします。 スペースアルミで作られたU型脚部、軽くてしっかり立てます。 脚部保護パッド、滑り止めで磨滅に耐える。 お腹にフィットする人間工学弧線設計で、もっと快適、凹溝付きで、タブレット/スマホが簡単に置けます。</span></li>\r\n<li><span class=""a-list-item"">【ノートパソコンに最適なミニデスク】11-17インチのノートPCの使用に最適な折り畳み式テーブル、ベッド・ソファーの上でも勉強や仕事、読書、執筆、ゲームなどの作業が快適に。お茶を飲んだり、お菓子を食べたり、お子さんの勉強机にも手頃な大きさで役立ちます。食事、勉強、ゲームなどの際にぴったりのちゃぶ台です。</span></li>\r\n</ul>\r\n",,1
1054,b1054,1054,bundle,bundle,images/bundle/1054_762.jpg,images/bundle/1054_277.jpg,,"<ul class=""point_description"">\r\n<li><span class=""a-list-item"">【テーブルサイズ】幅60奥行40×高さ28cm、重量2.6kg、耐荷重：40kg</span></li>\r\n<li><span class=""a-list-item"">【素材＆材質】天板/プリント紙化粧パーティクルボード、天板側面/合成樹脂(PVC)、脚部/アルミ。</span></li>\r\n<li><span class=""a-list-item"">【持ち運び・収納も簡単】折りたたみから収納するまで2つのステップしかない！アルミニウム製の足を折りたためばベッドやソファー下、隙間への収納が可能。インストールする必要はありません。インドアやアウトドア活動に適用です。</span></li>\r\n<li><span class=""a-list-item"">【ヒューマナイズドデザイン】いつでもどこでも快適さをもたらします。 スペースアルミで作られたU型脚部、軽くてしっかり立てます。 脚部保護パッド、滑り止めで磨滅に耐える。 お腹にフィットする人間工学弧線設計で、もっと快適、凹溝付きで、タブレット/スマホが簡単に置けます。</span></li>\r\n<li><span class=""a-list-item"">【ノートパソコンに最適なミニデスク】11-17インチのノートPCの使用に最適な折り畳み式テーブル、ベッド・ソファーの上でも勉強や仕事、読書、執筆、ゲームなどの作業が快適に。お茶を飲んだり、お菓子を食べたり、お子さんの勉強机にも手頃な大きさで役立ちます。食事、勉強、ゲームなどの際にぴったりのちゃぶ台です。</span></li>\r\n</ul>\r\n",,1
1058,b1058,1058,bundle,bundle,images/bundle/1058_762.jpg,images/bundle/1058_277.jpg,,"<ul class=""point_description"">\r\n<li><span class=""a-list-item"">【テーブルサイズ】幅60奥行40×高さ28cm、重量2.6kg、耐荷重：40kg</span></li>\r\n<li><span class=""a-list-item"">【素材＆材質】天板/プリント紙化粧パーティクルボード、天板側面/合成樹脂(PVC)、脚部/アルミ。</span></li>\r\n<li><span class=""a-list-item"">【持ち運び・収納も簡単】折りたたみから収納するまで2つのステップしかない！アルミニウム製の足を折りたためばベッドやソファー下、隙間への収納が可能。インストールする必要はありません。インドアやアウトドア活動に適用です。</span></li>\r\n<li><span class=""a-list-item"">【ヒューマナイズドデザイン】いつでもどこでも快適さをもたらします。 スペースアルミで作られたU型脚部、軽くてしっかり立てます。 脚部保護パッド、滑り止めで磨滅に耐える。 お腹にフィットする人間工学弧線設計で、もっと快適、凹溝付きで、タブレット/スマホが簡単に置けます。</span></li>\r\n<li><span class=""a-list-item"">【ノートパソコンに最適なミニデスク】11-17インチのノートPCの使用に最適な折り畳み式テーブル、ベッド・ソファーの上でも勉強や仕事、読書、執筆、ゲームなどの作業が快適に。お茶を飲んだり、お菓子を食べたり、お子さんの勉強机にも手頃な大きさで役立ちます。食事、勉強、ゲームなどの際にぴったりのちゃぶ台です。</span></li>\r\n</ul>\r\n",,1
1062,b1062,1062,bundle,bundle,images/bundle/1062_762.jpg,images/bundle/1062_277.jpg,,"<ul class=""point_description"">\r\n<li><span class=""a-list-item"">【テーブルサイズ】幅60奥行40×高さ28cm、重量2.6kg、耐荷重：40kg</span></li>\r\n<li><span class=""a-list-item"">【素材＆材質】天板/プリント紙化粧パーティクルボード、天板側面/合成樹脂(PVC)、脚部/アルミ。</span></li>\r\n<li><span class=""a-list-item"">【持ち運び・収納も簡単】折りたたみから収納するまで2つのステップしかない！アルミニウム製の足を折りたためばベッドやソファー下、隙間への収納が可能。インストールする必要はありません。インドアやアウトドア活動に適用です。</span></li>\r\n<li><span class=""a-list-item"">【ヒューマナイズドデザイン】いつでもどこでも快適さをもたらします。 スペースアルミで作られたU型脚部、軽くてしっかり立てます。 脚部保護パッド、滑り止めで磨滅に耐える。 お腹にフィットする人間工学弧線設計で、もっと快適、凹溝付きで、タブレット/スマホが簡単に置けます。</span></li>\r\n<li><span class=""a-list-item"">【ノートパソコンに最適なミニデスク】11-17インチのノートPCの使用に最適な折り畳み式テーブル、ベッド・ソファーの上でも勉強や仕事、読書、執筆、ゲームなどの作業が快適に。お茶を飲んだり、お菓子を食べたり、お子さんの勉強机にも手頃な大きさで役立ちます。食事、勉強、ゲームなどの際にぴったりのちゃぶ台です。</span></li>\r\n</ul>\r\n",,1
1063,b1063,1063,bundle,bundle,images/bundle/1063_762.jpg,images/bundle/1063_277.jpg,,"<ul class=""point_description"">\r\n<li><span class=""a-list-item"">【テーブルサイズ】幅60奥行40×高さ28cm、重量2.6kg、耐荷重：40kg</span></li>\r\n<li><span class=""a-list-item"">【素材＆材質】天板/プリント紙化粧パーティクルボード、天板側面/合成樹脂(PVC)、脚部/アルミ。</span></li>\r\n<li><span class=""a-list-item"">【持ち運び・収納も簡単】折りたたみから収納するまで2つのステップしかない！アルミニウム製の足を折りたためばベッドやソファー下、隙間への収納が可能。インストールする必要はありません。インドアやアウトドア活動に適用です。</span></li>\r\n<li><span class=""a-list-item"">【ヒューマナイズドデザイン】いつでもどこでも快適さをもたらします。 スペースアルミで作られたU型脚部、軽くてしっかり立てます。 脚部保護パッド、滑り止めで磨滅に耐える。 お腹にフィットする人間工学弧線設計で、もっと快適、凹溝付きで、タブレット/スマホが簡単に置けます。</span></li>\r\n<li><span class=""a-list-item"">【ノートパソコンに最適なミニデスク】11-17インチのノートPCの使用に最適な折り畳み式テーブル、ベッド・ソファーの上でも勉強や仕事、読書、執筆、ゲームなどの作業が快適に。お茶を飲んだり、お菓子を食べたり、お子さんの勉強机にも手頃な大きさで役立ちます。食事、勉強、ゲームなどの際にぴったりのちゃぶ台です。</span></li>\r\n</ul>\r\n",,1
1068,b1068,1068,bundle,bundle,images/bundle/1068_762.jpg,images/bundle/1068_277.jpg,,"<ul class=""point_description"">\r\n<li><span class=""a-list-item"">【テーブルサイズ】幅60奥行40×高さ28cm、重量2.6kg、耐荷重：40kg</span></li>\r\n<li><span class=""a-list-item"">【素材＆材質】天板/プリント紙化粧パーティクルボード、天板側面/合成樹脂(PVC)、脚部/アルミ。</span></li>\r\n<li><span class=""a-list-item"">【持ち運び・収納も簡単】折りたたみから収納するまで2つのステップしかない！アルミニウム製の足を折りたためばベッドやソファー下、隙間への収納が可能。インストールする必要はありません。インドアやアウトドア活動に適用です。</span></li>\r\n<li><span class=""a-list-item"">【ヒューマナイズドデザイン】いつでもどこでも快適さをもたらします。 スペースアルミで作られたU型脚部、軽くてしっかり立てます。 脚部保護パッド、滑り止めで磨滅に耐える。 お腹にフィットする人間工学弧線設計で、もっと快適、凹溝付きで、タブレット/スマホが簡単に置けます。</span></li>\r\n<li><span class=""a-list-item"">【ノートパソコンに最適なミニデスク】11-17インチのノートPCの使用に最適な折り畳み式テーブル、ベッド・ソファーの上でも勉強や仕事、読書、執筆、ゲームなどの作業が快適に。お茶を飲んだり、お菓子を食べたり、お子さんの勉強机にも手頃な大きさで役立ちます。食事、勉強、ゲームなどの際にぴったりのちゃぶ台です。</span></li>\r\n</ul>\r\n",,1
1070,b1070,1070,bundle,bundle,images/bundle/1070_762.jpg,images/bundle/1070_277.jpg,,"<ul class=""point_description"">\r\n<li><span class=""a-list-item"">【テーブルサイズ】幅60奥行40×高さ28cm、重量2.6kg、耐荷重：40kg</span></li>\r\n<li><span class=""a-list-item"">【素材＆材質】天板/プリント紙化粧パーティクルボード、天板側面/合成樹脂(PVC)、脚部/アルミ。</span></li>\r\n<li><span class=""a-list-item"">【持ち運び・収納も簡単】折りたたみから収納するまで2つのステップしかない！アルミニウム製の足を折りたためばベッドやソファー下、隙間への収納が可能。インストールする必要はありません。インドアやアウトドア活動に適用です。</span></li>\r\n<li><span class=""a-list-item"">【ヒューマナイズドデザイン】いつでもどこでも快適さをもたらします。 スペースアルミで作られたU型脚部、軽くてしっかり立てます。 脚部保護パッド、滑り止めで磨滅に耐える。 お腹にフィットする人間工学弧線設計で、もっと快適、凹溝付きで、タブレット/スマホが簡単に置けます。</span></li>\r\n<li><span class=""a-list-item"">【ノートパソコンに最適なミニデスク】11-17インチのノートPCの使用に最適な折り畳み式テーブル、ベッド・ソファーの上でも勉強や仕事、読書、執筆、ゲームなどの作業が快適に。お茶を飲んだり、お菓子を食べたり、お子さんの勉強机にも手頃な大きさで役立ちます。食事、勉強、ゲームなどの際にぴったりのちゃぶ台です。</span></li>\r\n</ul>\r\n",,1
1072,b1072,1072,bundle,bundle,images/bundle/1072_762.jpg,images/bundle/1072_277.jpg,,"<ul class=""point_description"">\r\n<li><span class=""a-list-item"">【テーブルサイズ】幅60奥行40×高さ28cm、重量2.6kg、耐荷重：40kg</span></li>\r\n<li><span class=""a-list-item"">【素材＆材質】天板/プリント紙化粧パーティクルボード、天板側面/合成樹脂(PVC)、脚部/アルミ。</span></li>\r\n<li><span class=""a-list-item"">【持ち運び・収納も簡単】折りたたみから収納するまで2つのステップしかない！アルミニウム製の足を折りたためばベッドやソファー下、隙間への収納が可能。インストールする必要はありません。インドアやアウトドア活動に適用です。</span></li>\r\n<li><span class=""a-list-item"">【ヒューマナイズドデザイン】いつでもどこでも快適さをもたらします。 スペースアルミで作られたU型脚部、軽くてしっかり立てます。 脚部保護パッド、滑り止めで磨滅に耐える。 お腹にフィットする人間工学弧線設計で、もっと快適、凹溝付きで、タブレット/スマホが簡単に置けます。</span></li>\r\n<li><span class=""a-list-item"">【ノートパソコンに最適なミニデスク】11-17インチのノートPCの使用に最適な折り畳み式テーブル、ベッド・ソファーの上でも勉強や仕事、読書、執筆、ゲームなどの作業が快適に。お茶を飲んだり、お菓子を食べたり、お子さんの勉強机にも手頃な大きさで役立ちます。食事、勉強、ゲームなどの際にぴったりのちゃぶ台です。</span></li>\r\n</ul>\r\n",,1
1073,b1073,1073,bundle,bundle,images/bundle/1073_762.jpg,images/bundle/1073_277.jpg,,"<ul class=""point_description"">\r\n<li><span class=""a-list-item"">【テーブルサイズ】幅60奥行40×高さ28cm、重量2.6kg、耐荷重：40kg</span></li>\r\n<li><span class=""a-list-item"">【素材＆材質】天板/プリント紙化粧パーティクルボード、天板側面/合成樹脂(PVC)、脚部/アルミ。</span></li>\r\n<li><span class=""a-list-item"">【持ち運び・収納も簡単】折りたたみから収納するまで2つのステップしかない！アルミニウム製の足を折りたためばベッドやソファー下、隙間への収納が可能。インストールする必要はありません。インドアやアウトドア活動に適用です。</span></li>\r\n<li><span class=""a-list-item"">【ヒューマナイズドデザイン】いつでもどこでも快適さをもたらします。 スペースアルミで作られたU型脚部、軽くてしっかり立てます。 脚部保護パッド、滑り止めで磨滅に耐える。 お腹にフィットする人間工学弧線設計で、もっと快適、凹溝付きで、タブレット/スマホが簡単に置けます。</span></li>\r\n<li><span class=""a-list-item"">【ノートパソコンに最適なミニデスク】11-17インチのノートPCの使用に最適な折り畳み式テーブル、ベッド・ソファーの上でも勉強や仕事、読書、執筆、ゲームなどの作業が快適に。お茶を飲んだり、お菓子を食べたり、お子さんの勉強机にも手頃な大きさで役立ちます。食事、勉強、ゲームなどの際にぴったりのちゃぶ台です。</span></li>\r\n</ul>\r\n",,1
1076,b1076,1076,bundle,bundle,images/bundle/1076_762.jpg,images/bundle/1076_277.jpg,,"<ul class=""point_description"">\r\n<li><span class=""a-list-item"">【テーブルサイズ】幅60奥行40×高さ28cm、重量2.6kg、耐荷重：40kg</span></li>\r\n<li><span class=""a-list-item"">【素材＆材質】天板/プリント紙化粧パーティクルボード、天板側面/合成樹脂(PVC)、脚部/アルミ。</span></li>\r\n<li><span class=""a-list-item"">【持ち運び・収納も簡単】折りたたみから収納するまで2つのステップしかない！アルミニウム製の足を折りたためばベッドやソファー下、隙間への収納が可能。インストールする必要はありません。インドアやアウトドア活動に適用です。</span></li>\r\n<li><span class=""a-list-item"">【ヒューマナイズドデザイン】いつでもどこでも快適さをもたらします。 スペースアルミで作られたU型脚部、軽くてしっかり立てます。 脚部保護パッド、滑り止めで磨滅に耐える。 お腹にフィットする人間工学弧線設計で、もっと快適、凹溝付きで、タブレット/スマホが簡単に置けます。</span></li>\r\n<li><span class=""a-list-item"">【ノートパソコンに最適なミニデスク】11-17インチのノートPCの使用に最適な折り畳み式テーブル、ベッド・ソファーの上でも勉強や仕事、読書、執筆、ゲームなどの作業が快適に。お茶を飲んだり、お菓子を食べたり、お子さんの勉強机にも手頃な大きさで役立ちます。食事、勉強、ゲームなどの際にぴったりのちゃぶ台です。</span></li>\r\n</ul>\r\n",,1
1079,b1079,1079,bundle,bundle,images/bundle/1079_762.jpg,images/bundle/1079_277.jpg,,"<ul class=""point_description"">\r\n<li><span class=""a-list-item"">【テーブルサイズ】幅60奥行40×高さ28cm、重量2.6kg、耐荷重：40kg</span></li>\r\n<li><span class=""a-list-item"">【素材＆材質】天板/プリント紙化粧パーティクルボード、天板側面/合成樹脂(PVC)、脚部/アルミ。</span></li>\r\n<li><span class=""a-list-item"">【持ち運び・収納も簡単】折りたたみから収納するまで2つのステップしかない！アルミニウム製の足を折りたためばベッドやソファー下、隙間への収納が可能。インストールする必要はありません。インドアやアウトドア活動に適用です。</span></li>\r\n<li><span class=""a-list-item"">【ヒューマナイズドデザイン】いつでもどこでも快適さをもたらします。 スペースアルミで作られたU型脚部、軽くてしっかり立てます。 脚部保護パッド、滑り止めで磨滅に耐える。 お腹にフィットする人間工学弧線設計で、もっと快適、凹溝付きで、タブレット/スマホが簡単に置けます。</span></li>\r\n<li><span class=""a-list-item"">【ノートパソコンに最適なミニデスク】11-17インチのノートPCの使用に最適な折り畳み式テーブル、ベッド・ソファーの上でも勉強や仕事、読書、執筆、ゲームなどの作業が快適に。お茶を飲んだり、お菓子を食べたり、お子さんの勉強机にも手頃な大きさで役立ちます。食事、勉強、ゲームなどの際にぴったりのちゃぶ台です。</span></li>\r\n</ul>\r\n",,1
1081,b1081,1081,bundle,bundle,images/bundle/1081_762.jpg,images/bundle/1081_277.jpg,,"<ul class=""point_description"">\r\n<li><span class=""a-list-item"">【テーブルサイズ】幅60奥行40×高さ28cm、重量2.6kg、耐荷重：40kg</span></li>\r\n<li><span class=""a-list-item"">【素材＆材質】天板/プリント紙化粧パーティクルボード、天板側面/合成樹脂(PVC)、脚部/アルミ。</span></li>\r\n<li><span class=""a-list-item"">【持ち運び・収納も簡単】折りたたみから収納するまで2つのステップしかない！アルミニウム製の足を折りたためばベッドやソファー下、隙間への収納が可能。インストールする必要はありません。インドアやアウトドア活動に適用です。</span></li>\r\n<li><span class=""a-list-item"">【ヒューマナイズドデザイン】いつでもどこでも快適さをもたらします。 スペースアルミで作られたU型脚部、軽くてしっかり立てます。 脚部保護パッド、滑り止めで磨滅に耐える。 お腹にフィットする人間工学弧線設計で、もっと快適、凹溝付きで、タブレット/スマホが簡単に置けます。</span></li>\r\n<li><span class=""a-list-item"">【ノートパソコンに最適なミニデスク】11-17インチのノートPCの使用に最適な折り畳み式テーブル、ベッド・ソファーの上でも勉強や仕事、読書、執筆、ゲームなどの作業が快適に。お茶を飲んだり、お菓子を食べたり、お子さんの勉強机にも手頃な大きさで役立ちます。食事、勉強、ゲームなどの際にぴったりのちゃぶ台です。</span></li>\r\n</ul>\r\n",,1
1083,b1083,1083,bundle,bundle,images/bundle/1083_762.jpg,images/bundle/1083_277.jpg,,"<ul class=""point_description"">\r\n<li><span class=""a-list-item"">【テーブルサイズ】幅60奥行40×高さ28cm、重量2.6kg、耐荷重：40kg</span></li>\r\n<li><span class=""a-list-item"">【素材＆材質】天板/プリント紙化粧パーティクルボード、天板側面/合成樹脂(PVC)、脚部/アルミ。</span></li>\r\n<li><span class=""a-list-item"">【持ち運び・収納も簡単】折りたたみから収納するまで2つのステップしかない！アルミニウム製の足を折りたためばベッドやソファー下、隙間への収納が可能。インストールする必要はありません。インドアやアウトドア活動に適用です。</span></li>\r\n<li><span class=""a-list-item"">【ヒューマナイズドデザイン】いつでもどこでも快適さをもたらします。 スペースアルミで作られたU型脚部、軽くてしっかり立てます。 脚部保護パッド、滑り止めで磨滅に耐える。 お腹にフィットする人間工学弧線設計で、もっと快適、凹溝付きで、タブレット/スマホが簡単に置けます。</span></li>\r\n<li><span class=""a-list-item"">【ノートパソコンに最適なミニデスク】11-17インチのノートPCの使用に最適な折り畳み式テーブル、ベッド・ソファーの上でも勉強や仕事、読書、執筆、ゲームなどの作業が快適に。お茶を飲んだり、お菓子を食べたり、お子さんの勉強机にも手頃な大きさで役立ちます。食事、勉強、ゲームなどの際にぴったりのちゃぶ台です。</span></li>\r\n</ul>\r\n",,1
1085,b1085,1085,bundle,bundle,images/bundle/1085_762.jpg,images/bundle/1085_277.jpg,,"<ul class=""point_description"">\r\n<li><span class=""a-list-item"">【テーブルサイズ】幅60奥行40×高さ28cm、重量2.6kg、耐荷重：40kg</span></li>\r\n<li><span class=""a-list-item"">【素材＆材質】天板/プリント紙化粧パーティクルボード、天板側面/合成樹脂(PVC)、脚部/アルミ。</span></li>\r\n<li><span class=""a-list-item"">【持ち運び・収納も簡単】折りたたみから収納するまで2つのステップしかない！アルミニウム製の足を折りたためばベッドやソファー下、隙間への収納が可能。インストールする必要はありません。インドアやアウトドア活動に適用です。</span></li>\r\n<li><span class=""a-list-item"">【ヒューマナイズドデザイン】いつでもどこでも快適さをもたらします。 スペースアルミで作られたU型脚部、軽くてしっかり立てます。 脚部保護パッド、滑り止めで磨滅に耐える。 お腹にフィットする人間工学弧線設計で、もっと快適、凹溝付きで、タブレット/スマホが簡単に置けます。</span></li>\r\n<li><span class=""a-list-item"">【ノートパソコンに最適なミニデスク】11-17インチのノートPCの使用に最適な折り畳み式テーブル、ベッド・ソファーの上でも勉強や仕事、読書、執筆、ゲームなどの作業が快適に。お茶を飲んだり、お菓子を食べたり、お子さんの勉強机にも手頃な大きさで役立ちます。食事、勉強、ゲームなどの際にぴったりのちゃぶ台です。</span></li>\r\n</ul>\r\n",,1
1089,b1089,1089,bundle,bundle,images/bundle/1089_762.jpg,images/bundle/1089_277.jpg,,"<ul class=""point_description"">\r\n<li><span class=""a-list-item"">【テーブルサイズ】幅60奥行40×高さ28cm、重量2.6kg、耐荷重：40kg</span></li>\r\n<li><span class=""a-list-item"">【素材＆材質】天板/プリント紙化粧パーティクルボード、天板側面/合成樹脂(PVC)、脚部/アルミ。</span></li>\r\n<li><span class=""a-list-item"">【持ち運び・収納も簡単】折りたたみから収納するまで2つのステップしかない！アルミニウム製の足を折りたためばベッドやソファー下、隙間への収納が可能。インストールする必要はありません。インドアやアウトドア活動に適用です。</span></li>\r\n<li><span class=""a-list-item"">【ヒューマナイズドデザイン】いつでもどこでも快適さをもたらします。 スペースアルミで作られたU型脚部、軽くてしっかり立てます。 脚部保護パッド、滑り止めで磨滅に耐える。 お腹にフィットする人間工学弧線設計で、もっと快適、凹溝付きで、タブレット/スマホが簡単に置けます。</span></li>\r\n<li><span class=""a-list-item"">【ノートパソコンに最適なミニデスク】11-17インチのノートPCの使用に最適な折り畳み式テーブル、ベッド・ソファーの上でも勉強や仕事、読書、執筆、ゲームなどの作業が快適に。お茶を飲んだり、お菓子を食べたり、お子さんの勉強机にも手頃な大きさで役立ちます。食事、勉強、ゲームなどの際にぴったりのちゃぶ台です。</span></li>\r\n</ul>\r\n",,1
1093,b1093,1093,bundle,bundle,images/bundle/1093_762.jpg,images/bundle/1093_277.jpg,,"<ul class=""point_description"">\r\n<li><span class=""a-list-item"">【テーブルサイズ】幅60奥行40×高さ28cm、重量2.6kg、耐荷重：40kg</span></li>\r\n<li><span class=""a-list-item"">【素材＆材質】天板/プリント紙化粧パーティクルボード、天板側面/合成樹脂(PVC)、脚部/アルミ。</span></li>\r\n<li><span class=""a-list-item"">【持ち運び・収納も簡単】折りたたみから収納するまで2つのステップしかない！アルミニウム製の足を折りたためばベッドやソファー下、隙間への収納が可能。インストールする必要はありません。インドアやアウトドア活動に適用です。</span></li>\r\n<li><span class=""a-list-item"">【ヒューマナイズドデザイン】いつでもどこでも快適さをもたらします。 スペースアルミで作られたU型脚部、軽くてしっかり立てます。 脚部保護パッド、滑り止めで磨滅に耐える。 お腹にフィットする人間工学弧線設計で、もっと快適、凹溝付きで、タブレット/スマホが簡単に置けます。</span></li>\r\n<li><span class=""a-list-item"">【ノートパソコンに最適なミニデスク】11-17インチのノートPCの使用に最適な折り畳み式テーブル、ベッド・ソファーの上でも勉強や仕事、読書、執筆、ゲームなどの作業が快適に。お茶を飲んだり、お菓子を食べたり、お子さんの勉強机にも手頃な大きさで役立ちます。食事、勉強、ゲームなどの際にぴったりのちゃぶ台です。</span></li>\r\n</ul>\r\n",,1
1097,b1097,1097,bundle,bundle,images/bundle/1097_762.jpg,images/bundle/1097_277.jpg,,"<ul class=""point_description"">\r\n<li><span class=""a-list-item"">【テーブルサイズ】幅60奥行40×高さ28cm、重量2.6kg、耐荷重：40kg</span></li>\r\n<li><span class=""a-list-item"">【素材＆材質】天板/プリント紙化粧パーティクルボード、天板側面/合成樹脂(PVC)、脚部/アルミ。</span></li>\r\n<li><span class=""a-list-item"">【持ち運び・収納も簡単】折りたたみから収納するまで2つのステップしかない！アルミニウム製の足を折りたためばベッドやソファー下、隙間への収納が可能。インストールする必要はありません。インドアやアウトドア活動に適用です。</span></li>\r\n<li><span class=""a-list-item"">【ヒューマナイズドデザイン】いつでもどこでも快適さをもたらします。 スペースアルミで作られたU型脚部、軽くてしっかり立てます。 脚部保護パッド、滑り止めで磨滅に耐える。 お腹にフィットする人間工学弧線設計で、もっと快適、凹溝付きで、タブレット/スマホが簡単に置けます。</span></li>\r\n<li><span class=""a-list-item"">【ノートパソコンに最適なミニデスク】11-17インチのノートPCの使用に最適な折り畳み式テーブル、ベッド・ソファーの上でも勉強や仕事、読書、執筆、ゲームなどの作業が快適に。お茶を飲んだり、お菓子を食べたり、お子さんの勉強机にも手頃な大きさで役立ちます。食事、勉強、ゲームなどの際にぴったりのちゃぶ台です。</span></li>\r\n</ul>\r\n",,1
1098,b1098,1098,bundle,bundle,images/bundle/1098_762.jpg,images/bundle/1098_277.jpg,,"<ul class=""point_description"">\r\n<li><span class=""a-list-item"">【テーブルサイズ】幅60奥行40×高さ28cm、重量2.6kg、耐荷重：40kg</span></li>\r\n<li><span class=""a-list-item"">【素材＆材質】天板/プリント紙化粧パーティクルボード、天板側面/合成樹脂(PVC)、脚部/アルミ。</span></li>\r\n<li><span class=""a-list-item"">【持ち運び・収納も簡単】折りたたみから収納するまで2つのステップしかない！アルミニウム製の足を折りたためばベッドやソファー下、隙間への収納が可能。インストールする必要はありません。インドアやアウトドア活動に適用です。</span></li>\r\n<li><span class=""a-list-item"">【ヒューマナイズドデザイン】いつでもどこでも快適さをもたらします。 スペースアルミで作られたU型脚部、軽くてしっかり立てます。 脚部保護パッド、滑り止めで磨滅に耐える。 お腹にフィットする人間工学弧線設計で、もっと快適、凹溝付きで、タブレット/スマホが簡単に置けます。</span></li>\r\n<li><span class=""a-list-item"">【ノートパソコンに最適なミニデスク】11-17インチのノートPCの使用に最適な折り畳み式テーブル、ベッド・ソファーの上でも勉強や仕事、読書、執筆、ゲームなどの作業が快適に。お茶を飲んだり、お菓子を食べたり、お子さんの勉強机にも手頃な大きさで役立ちます。食事、勉強、ゲームなどの際にぴったりのちゃぶ台です。</span></li>\r\n</ul>\r\n",,1
1103,b1103,1103,bundle,bundle,images/bundle/1103_762.jpg,images/bundle/1103_277.jpg,,"<ul class=""point_description"">\r\n<li><span class=""a-list-item"">【テーブルサイズ】幅60奥行40×高さ28cm、重量2.6kg、耐荷重：40kg</span></li>\r\n<li><span class=""a-list-item"">【素材＆材質】天板/プリント紙化粧パーティクルボード、天板側面/合成樹脂(PVC)、脚部/アルミ。</span></li>\r\n<li><span class=""a-list-item"">【持ち運び・収納も簡単】折りたたみから収納するまで2つのステップしかない！アルミニウム製の足を折りたためばベッドやソファー下、隙間への収納が可能。インストールする必要はありません。インドアやアウトドア活動に適用です。</span></li>\r\n<li><span class=""a-list-item"">【ヒューマナイズドデザイン】いつでもどこでも快適さをもたらします。 スペースアルミで作られたU型脚部、軽くてしっかり立てます。 脚部保護パッド、滑り止めで磨滅に耐える。 お腹にフィットする人間工学弧線設計で、もっと快適、凹溝付きで、タブレット/スマホが簡単に置けます。</span></li>\r\n<li><span class=""a-list-item"">【ノートパソコンに最適なミニデスク】11-17インチのノートPCの使用に最適な折り畳み式テーブル、ベッド・ソファーの上でも勉強や仕事、読書、執筆、ゲームなどの作業が快適に。お茶を飲んだり、お菓子を食べたり、お子さんの勉強机にも手頃な大きさで役立ちます。食事、勉強、ゲームなどの際にぴったりのちゃぶ台です。</span></li>\r\n</ul>\r\n",,1
1107,b1107,1107,bundle,bundle,images/bundle/1107_762.jpg,images/bundle/1107_277.jpg,,"<ul class=""point_description"">\r\n<li><span class=""a-list-item"">【テーブルサイズ】幅60奥行40×高さ28cm、重量2.6kg、耐荷重：40kg</span></li>\r\n<li><span class=""a-list-item"">【素材＆材質】天板/プリント紙化粧パーティクルボード、天板側面/合成樹脂(PVC)、脚部/アルミ。</span></li>\r\n<li><span class=""a-list-item"">【持ち運び・収納も簡単】折りたたみから収納するまで2つのステップしかない！アルミニウム製の足を折りたためばベッドやソファー下、隙間への収納が可能。インストールする必要はありません。インドアやアウトドア活動に適用です。</span></li>\r\n<li><span class=""a-list-item"">【ヒューマナイズドデザイン】いつでもどこでも快適さをもたらします。 スペースアルミで作られたU型脚部、軽くてしっかり立てます。 脚部保護パッド、滑り止めで磨滅に耐える。 お腹にフィットする人間工学弧線設計で、もっと快適、凹溝付きで、タブレット/スマホが簡単に置けます。</span></li>\r\n<li><span class=""a-list-item"">【ノートパソコンに最適なミニデスク】11-17インチのノートPCの使用に最適な折り畳み式テーブル、ベッド・ソファーの上でも勉強や仕事、読書、執筆、ゲームなどの作業が快適に。お茶を飲んだり、お菓子を食べたり、お子さんの勉強机にも手頃な大きさで役立ちます。食事、勉強、ゲームなどの際にぴったりのちゃぶ台です。</span></li>\r\n</ul>\r\n",,1
1111,b1111,1111,bundle,bundle,images/bundle/1111_762.jpg,images/bundle/1111_277.jpg,,"<ul class=""point_description"">\r\n<li><span class=""a-list-item"">【テーブルサイズ】幅60奥行40×高さ28cm、重量2.6kg、耐荷重：40kg</span></li>\r\n<li><span class=""a-list-item"">【素材＆材質】天板/プリント紙化粧パーティクルボード、天板側面/合成樹脂(PVC)、脚部/アルミ。</span></li>\r\n<li><span class=""a-list-item"">【持ち運び・収納も簡単】折りたたみから収納するまで2つのステップしかない！アルミニウム製の足を折りたためばベッドやソファー下、隙間への収納が可能。インストールする必要はありません。インドアやアウトドア活動に適用です。</span></li>\r\n<li><span class=""a-list-item"">【ヒューマナイズドデザイン】いつでもどこでも快適さをもたらします。 スペースアルミで作られたU型脚部、軽くてしっかり立てます。 脚部保護パッド、滑り止めで磨滅に耐える。 お腹にフィットする人間工学弧線設計で、もっと快適、凹溝付きで、タブレット/スマホが簡単に置けます。</span></li>\r\n<li><span class=""a-list-item"">【ノートパソコンに最適なミニデスク】11-17インチのノートPCの使用に最適な折り畳み式テーブル、ベッド・ソファーの上でも勉強や仕事、読書、執筆、ゲームなどの作業が快適に。お茶を飲んだり、お菓子を食べたり、お子さんの勉強机にも手頃な大きさで役立ちます。食事、勉強、ゲームなどの際にぴったりのちゃぶ台です。</span></li>\r\n</ul>\r\n",,1
1113,b1113,1113,bundle,bundle,images/bundle/1113_762.jpg,images/bundle/1113_277.jpg,,"<ul class=""point_description"">\r\n<li><span class=""a-list-item"">【テーブルサイズ】幅60奥行40×高さ28cm、重量2.6kg、耐荷重：40kg</span></li>\r\n<li><span class=""a-list-item"">【素材＆材質】天板/プリント紙化粧パーティクルボード、天板側面/合成樹脂(PVC)、脚部/アルミ。</span></li>\r\n<li><span class=""a-list-item"">【持ち運び・収納も簡単】折りたたみから収納するまで2つのステップしかない！アルミニウム製の足を折りたためばベッドやソファー下、隙間への収納が可能。インストールする必要はありません。インドアやアウトドア活動に適用です。</span></li>\r\n<li><span class=""a-list-item"">【ヒューマナイズドデザイン】いつでもどこでも快適さをもたらします。 スペースアルミで作られたU型脚部、軽くてしっかり立てます。 脚部保護パッド、滑り止めで磨滅に耐える。 お腹にフィットする人間工学弧線設計で、もっと快適、凹溝付きで、タブレット/スマホが簡単に置けます。</span></li>\r\n<li><span class=""a-list-item"">【ノートパソコンに最適なミニデスク】11-17インチのノートPCの使用に最適な折り畳み式テーブル、ベッド・ソファーの上でも勉強や仕事、読書、執筆、ゲームなどの作業が快適に。お茶を飲んだり、お菓子を食べたり、お子さんの勉強机にも手頃な大きさで役立ちます。食事、勉強、ゲームなどの際にぴったりのちゃぶ台です。</span></li>\r\n</ul>\r\n",,1
1117,b1117,1117,bundle,bundle,images/bundle/1117_762.jpg,images/bundle/1117_277.jpg,,"<ul class=""point_description"">\r\n<li><span class=""a-list-item"">【テーブルサイズ】幅60奥行40×高さ28cm、重量2.6kg、耐荷重：40kg</span></li>\r\n<li><span class=""a-list-item"">【素材＆材質】天板/プリント紙化粧パーティクルボード、天板側面/合成樹脂(PVC)、脚部/アルミ。</span></li>\r\n<li><span class=""a-list-item"">【持ち運び・収納も簡単】折りたたみから収納するまで2つのステップしかない！アルミニウム製の足を折りたためばベッドやソファー下、隙間への収納が可能。インストールする必要はありません。インドアやアウトドア活動に適用です。</span></li>\r\n<li><span class=""a-list-item"">【ヒューマナイズドデザイン】いつでもどこでも快適さをもたらします。 スペースアルミで作られたU型脚部、軽くてしっかり立てます。 脚部保護パッド、滑り止めで磨滅に耐える。 お腹にフィットする人間工学弧線設計で、もっと快適、凹溝付きで、タブレット/スマホが簡単に置けます。</span></li>\r\n<li><span class=""a-list-item"">【ノートパソコンに最適なミニデスク】11-17インチのノートPCの使用に最適な折り畳み式テーブル、ベッド・ソファーの上でも勉強や仕事、読書、執筆、ゲームなどの作業が快適に。お茶を飲んだり、お菓子を食べたり、お子さんの勉強机にも手頃な大きさで役立ちます。食事、勉強、ゲームなどの際にぴったりのちゃぶ台です。</span></li>\r\n</ul>\r\n",,1
1118,b1118,1118,bundle,bundle,images/bundle/1118_762.jpg,images/bundle/1118_277.jpg,,"<ul class=""point_description"">\r\n<li><span class=""a-list-item"">【テーブルサイズ】幅60奥行40×高さ28cm、重量2.6kg、耐荷重：40kg</span></li>\r\n<li><span class=""a-list-item"">【素材＆材質】天板/プリント紙化粧パーティクルボード、天板側面/合成樹脂(PVC)、脚部/アルミ。</span></li>\r\n<li><span class=""a-list-item"">【持ち運び・収納も簡単】折りたたみから収納するまで2つのステップしかない！アルミニウム製の足を折りたためばベッドやソファー下、隙間への収納が可能。インストールする必要はありません。インドアやアウトドア活動に適用です。</span></li>\r\n<li><span class=""a-list-item"">【ヒューマナイズドデザイン】いつでもどこでも快適さをもたらします。 スペースアルミで作られたU型脚部、軽くてしっかり立てます。 脚部保護パッド、滑り止めで磨滅に耐える。 お腹にフィットする人間工学弧線設計で、もっと快適、凹溝付きで、タブレット/スマホが簡単に置けます。</span></li>\r\n<li><span class=""a-list-item"">【ノートパソコンに最適なミニデスク】11-17インチのノートPCの使用に最適な折り畳み式テーブル、ベッド・ソファーの上でも勉強や仕事、読書、執筆、ゲームなどの作業が快適に。お茶を飲んだり、お菓子を食べたり、お子さんの勉強机にも手頃な大きさで役立ちます。食事、勉強、ゲームなどの際にぴったりのちゃぶ台です。</span></li>\r\n</ul>\r\n",,1
1123,b1123,1123,bundle,bundle,images/bundle/1123_762.jpg,images/bundle/1123_277.jpg,,"<ul class=""point_description"">\r\n<li><span class=""a-list-item"">【テーブルサイズ】幅60奥行40×高さ28cm、重量2.6kg、耐荷重：40kg</span></li>\r\n<li><span class=""a-list-item"">【素材＆材質】天板/プリント紙化粧パーティクルボード、天板側面/合成樹脂(PVC)、脚部/アルミ。</span></li>\r\n<li><span class=""a-list-item"">【持ち運び・収納も簡単】折りたたみから収納するまで2つのステップしかない！アルミニウム製の足を折りたためばベッドやソファー下、隙間への収納が可能。インストールする必要はありません。インドアやアウトドア活動に適用です。</span></li>\r\n<li><span class=""a-list-item"">【ヒューマナイズドデザイン】いつでもどこでも快適さをもたらします。 スペースアルミで作られたU型脚部、軽くてしっかり立てます。 脚部保護パッド、滑り止めで磨滅に耐える。 お腹にフィットする人間工学弧線設計で、もっと快適、凹溝付きで、タブレット/スマホが簡単に置けます。</span></li>\r\n<li><span class=""a-list-item"">【ノートパソコンに最適なミニデスク】11-17インチのノートPCの使用に最適な折り畳み式テーブル、ベッド・ソファーの上でも勉強や仕事、読書、執筆、ゲームなどの作業が快適に。お茶を飲んだり、お菓子を食べたり、お子さんの勉強机にも手頃な大きさで役立ちます。食事、勉強、ゲームなどの際にぴったりのちゃぶ台です。</span></li>\r\n</ul>\r\n",,1
1124,b1124,1124,bundle,bundle,images/bundle/1124_762.jpg,images/bundle/1124_277.jpg,,"<ul class=""point_description"">\r\n<li><span class=""a-list-item"">【テーブルサイズ】幅60奥行40×高さ28cm、重量2.6kg、耐荷重：40kg</span></li>\r\n<li><span class=""a-list-item"">【素材＆材質】天板/プリント紙化粧パーティクルボード、天板側面/合成樹脂(PVC)、脚部/アルミ。</span></li>\r\n<li><span class=""a-list-item"">【持ち運び・収納も簡単】折りたたみから収納するまで2つのステップしかない！アルミニウム製の足を折りたためばベッドやソファー下、隙間への収納が可能。インストールする必要はありません。インドアやアウトドア活動に適用です。</span></li>\r\n<li><span class=""a-list-item"">【ヒューマナイズドデザイン】いつでもどこでも快適さをもたらします。 スペースアルミで作られたU型脚部、軽くてしっかり立てます。 脚部保護パッド、滑り止めで磨滅に耐える。 お腹にフィットする人間工学弧線設計で、もっと快適、凹溝付きで、タブレット/スマホが簡単に置けます。</span></li>\r\n<li><span class=""a-list-item"">【ノートパソコンに最適なミニデスク】11-17インチのノートPCの使用に最適な折り畳み式テーブル、ベッド・ソファーの上でも勉強や仕事、読書、執筆、ゲームなどの作業が快適に。お茶を飲んだり、お菓子を食べたり、お子さんの勉強机にも手頃な大きさで役立ちます。食事、勉強、ゲームなどの際にぴったりのちゃぶ台です。</span></li>\r\n</ul>\r\n",,1
1125,b1125,1125,bundle,bundle,images/bundle/1125_762.jpg,images/bundle/1125_277.jpg,,"<ul class=""point_description"">\r\n<li><span class=""a-list-item"">【テーブルサイズ】幅60奥行40×高さ28cm、重量2.6kg、耐荷重：40kg</span></li>\r\n<li><span class=""a-list-item"">【素材＆材質】天板/プリント紙化粧パーティクルボード、天板側面/合成樹脂(PVC)、脚部/アルミ。</span></li>\r\n<li><span class=""a-list-item"">【持ち運び・収納も簡単】折りたたみから収納するまで2つのステップしかない！アルミニウム製の足を折りたためばベッドやソファー下、隙間への収納が可能。インストールする必要はありません。インドアやアウトドア活動に適用です。</span></li>\r\n<li><span class=""a-list-item"">【ヒューマナイズドデザイン】いつでもどこでも快適さをもたらします。 スペースアルミで作られたU型脚部、軽くてしっかり立てます。 脚部保護パッド、滑り止めで磨滅に耐える。 お腹にフィットする人間工学弧線設計で、もっと快適、凹溝付きで、タブレット/スマホが簡単に置けます。</span></li>\r\n<li><span class=""a-list-item"">【ノートパソコンに最適なミニデスク】11-17インチのノートPCの使用に最適な折り畳み式テーブル、ベッド・ソファーの上でも勉強や仕事、読書、執筆、ゲームなどの作業が快適に。お茶を飲んだり、お菓子を食べたり、お子さんの勉強机にも手頃な大きさで役立ちます。食事、勉強、ゲームなどの際にぴったりのちゃぶ台です。</span></li>\r\n</ul>\r\n",,1
1126,b1126,1126,bundle,bundle,images/bundle/1126_762.jpg,images/bundle/1126_277.jpg,,"<ul class=""point_description"">\r\n<li><span class=""a-list-item"">【テーブルサイズ】幅60奥行40×高さ28cm、重量2.6kg、耐荷重：40kg</span></li>\r\n<li><span class=""a-list-item"">【素材＆材質】天板/プリント紙化粧パーティクルボード、天板側面/合成樹脂(PVC)、脚部/アルミ。</span></li>\r\n<li><span class=""a-list-item"">【持ち運び・収納も簡単】折りたたみから収納するまで2つのステップしかない！アルミニウム製の足を折りたためばベッドやソファー下、隙間への収納が可能。インストールする必要はありません。インドアやアウトドア活動に適用です。</span></li>\r\n<li><span class=""a-list-item"">【ヒューマナイズドデザイン】いつでもどこでも快適さをもたらします。 スペースアルミで作られたU型脚部、軽くてしっかり立てます。 脚部保護パッド、滑り止めで磨滅に耐える。 お腹にフィットする人間工学弧線設計で、もっと快適、凹溝付きで、タブレット/スマホが簡単に置けます。</span></li>\r\n<li><span class=""a-list-item"">【ノートパソコンに最適なミニデスク】11-17インチのノートPCの使用に最適な折り畳み式テーブル、ベッド・ソファーの上でも勉強や仕事、読書、執筆、ゲームなどの作業が快適に。お茶を飲んだり、お菓子を食べたり、お子さんの勉強机にも手頃な大きさで役立ちます。食事、勉強、ゲームなどの際にぴったりのちゃぶ台です。</span></li>\r\n</ul>\r\n",,1
1128,b1128,1128,bundle,bundle,images/bundle/1128_762.jpg,images/bundle/1128_277.jpg,,"<ul class=""point_description"">\r\n<li><span class=""a-list-item"">【テーブルサイズ】幅60奥行40×高さ28cm、重量2.6kg、耐荷重：40kg</span></li>\r\n<li><span class=""a-list-item"">【素材＆材質】天板/プリント紙化粧パーティクルボード、天板側面/合成樹脂(PVC)、脚部/アルミ。</span></li>\r\n<li><span class=""a-list-item"">【持ち運び・収納も簡単】折りたたみから収納するまで2つのステップしかない！アルミニウム製の足を折りたためばベッドやソファー下、隙間への収納が可能。インストールする必要はありません。インドアやアウトドア活動に適用です。</span></li>\r\n<li><span class=""a-list-item"">【ヒューマナイズドデザイン】いつでもどこでも快適さをもたらします。 スペースアルミで作られたU型脚部、軽くてしっかり立てます。 脚部保護パッド、滑り止めで磨滅に耐える。 お腹にフィットする人間工学弧線設計で、もっと快適、凹溝付きで、タブレット/スマホが簡単に置けます。</span></li>\r\n<li><span class=""a-list-item"">【ノートパソコンに最適なミニデスク】11-17インチのノートPCの使用に最適な折り畳み式テーブル、ベッド・ソファーの上でも勉強や仕事、読書、執筆、ゲームなどの作業が快適に。お茶を飲んだり、お菓子を食べたり、お子さんの勉強机にも手頃な大きさで役立ちます。食事、勉強、ゲームなどの際にぴったりのちゃぶ台です。</span></li>\r\n</ul>\r\n",,1
1129,b1129,1129,bundle,bundle,images/bundle/1129_762.jpg,images/bundle/1129_277.jpg,,"<ul class=""point_description"">\r\n<li><span class=""a-list-item"">【テーブルサイズ】幅60奥行40×高さ28cm、重量2.6kg、耐荷重：40kg</span></li>\r\n<li><span class=""a-list-item"">【素材＆材質】天板/プリント紙化粧パーティクルボード、天板側面/合成樹脂(PVC)、脚部/アルミ。</span></li>\r\n<li><span class=""a-list-item"">【持ち運び・収納も簡単】折りたたみから収納するまで2つのステップしかない！アルミニウム製の足を折りたためばベッドやソファー下、隙間への収納が可能。インストールする必要はありません。インドアやアウトドア活動に適用です。</span></li>\r\n<li><span class=""a-list-item"">【ヒューマナイズドデザイン】いつでもどこでも快適さをもたらします。 スペースアルミで作られたU型脚部、軽くてしっかり立てます。 脚部保護パッド、滑り止めで磨滅に耐える。 お腹にフィットする人間工学弧線設計で、もっと快適、凹溝付きで、タブレット/スマホが簡単に置けます。</span></li>\r\n<li><span class=""a-list-item"">【ノートパソコンに最適なミニデスク】11-17インチのノートPCの使用に最適な折り畳み式テーブル、ベッド・ソファーの上でも勉強や仕事、読書、執筆、ゲームなどの作業が快適に。お茶を飲んだり、お菓子を食べたり、お子さんの勉強机にも手頃な大きさで役立ちます。食事、勉強、ゲームなどの際にぴったりのちゃぶ台です。</span></li>\r\n</ul>\r\n",,1
1133,b1133,1133,bundle,bundle,images/bundle/1133_762.jpg,images/bundle/1133_277.jpg,,"<ul class=""point_description"">\r\n<li><span class=""a-list-item"">【テーブルサイズ】幅60奥行40×高さ28cm、重量2.6kg、耐荷重：40kg</span></li>\r\n<li><span class=""a-list-item"">【素材＆材質】天板/プリント紙化粧パーティクルボード、天板側面/合成樹脂(PVC)、脚部/アルミ。</span></li>\r\n<li><span class=""a-list-item"">【持ち運び・収納も簡単】折りたたみから収納するまで2つのステップしかない！アルミニウム製の足を折りたためばベッドやソファー下、隙間への収納が可能。インストールする必要はありません。インドアやアウトドア活動に適用です。</span></li>\r\n<li><span class=""a-list-item"">【ヒューマナイズドデザイン】いつでもどこでも快適さをもたらします。 スペースアルミで作られたU型脚部、軽くてしっかり立てます。 脚部保護パッド、滑り止めで磨滅に耐える。 お腹にフィットする人間工学弧線設計で、もっと快適、凹溝付きで、タブレット/スマホが簡単に置けます。</span></li>\r\n<li><span class=""a-list-item"">【ノートパソコンに最適なミニデスク】11-17インチのノートPCの使用に最適な折り畳み式テーブル、ベッド・ソファーの上でも勉強や仕事、読書、執筆、ゲームなどの作業が快適に。お茶を飲んだり、お菓子を食べたり、お子さんの勉強机にも手頃な大きさで役立ちます。食事、勉強、ゲームなどの際にぴったりのちゃぶ台です。</span></li>\r\n</ul>\r\n",,1
1134,b1134,1134,bundle,bundle,images/bundle/1134_762.jpg,images/bundle/1134_277.jpg,,"<ul class=""point_description"">\r\n<li><span class=""a-list-item"">【テーブルサイズ】幅60奥行40×高さ28cm、重量2.6kg、耐荷重：40kg</span></li>\r\n<li><span class=""a-list-item"">【素材＆材質】天板/プリント紙化粧パーティクルボード、天板側面/合成樹脂(PVC)、脚部/アルミ。</span></li>\r\n<li><span class=""a-list-item"">【持ち運び・収納も簡単】折りたたみから収納するまで2つのステップしかない！アルミニウム製の足を折りたためばベッドやソファー下、隙間への収納が可能。インストールする必要はありません。インドアやアウトドア活動に適用です。</span></li>\r\n<li><span class=""a-list-item"">【ヒューマナイズドデザイン】いつでもどこでも快適さをもたらします。 スペースアルミで作られたU型脚部、軽くてしっかり立てます。 脚部保護パッド、滑り止めで磨滅に耐える。 お腹にフィットする人間工学弧線設計で、もっと快適、凹溝付きで、タブレット/スマホが簡単に置けます。</span></li>\r\n<li><span class=""a-list-item"">【ノートパソコンに最適なミニデスク】11-17インチのノートPCの使用に最適な折り畳み式テーブル、ベッド・ソファーの上でも勉強や仕事、読書、執筆、ゲームなどの作業が快適に。お茶を飲んだり、お菓子を食べたり、お子さんの勉強机にも手頃な大きさで役立ちます。食事、勉強、ゲームなどの際にぴったりのちゃぶ台です。</span></li>\r\n</ul>\r\n",,1
1138,b1138,1138,bundle,bundle,images/bundle/1138_762.jpg,images/bundle/1138_277.jpg,,"<ul class=""point_description"">\r\n<li><span class=""a-list-item"">【テーブルサイズ】幅60奥行40×高さ28cm、重量2.6kg、耐荷重：40kg</span></li>\r\n<li><span class=""a-list-item"">【素材＆材質】天板/プリント紙化粧パーティクルボード、天板側面/合成樹脂(PVC)、脚部/アルミ。</span></li>\r\n<li><span class=""a-list-item"">【持ち運び・収納も簡単】折りたたみから収納するまで2つのステップしかない！アルミニウム製の足を折りたためばベッドやソファー下、隙間への収納が可能。インストールする必要はありません。インドアやアウトドア活動に適用です。</span></li>\r\n<li><span class=""a-list-item"">【ヒューマナイズドデザイン】いつでもどこでも快適さをもたらします。 スペースアルミで作られたU型脚部、軽くてしっかり立てます。 脚部保護パッド、滑り止めで磨滅に耐える。 お腹にフィットする人間工学弧線設計で、もっと快適、凹溝付きで、タブレット/スマホが簡単に置けます。</span></li>\r\n<li><span class=""a-list-item"">【ノートパソコンに最適なミニデスク】11-17インチのノートPCの使用に最適な折り畳み式テーブル、ベッド・ソファーの上でも勉強や仕事、読書、執筆、ゲームなどの作業が快適に。お茶を飲んだり、お菓子を食べたり、お子さんの勉強机にも手頃な大きさで役立ちます。食事、勉強、ゲームなどの際にぴったりのちゃぶ台です。</span></li>\r\n</ul>\r\n",,1
1143,b1143,1143,bundle,bundle,images/bundle/1143_762.jpg,images/bundle/1143_277.jpg,,"<ul class=""point_description"">\r\n<li><span class=""a-list-item"">【テーブルサイズ】幅60奥行40×高さ28cm、重量2.6kg、耐荷重：40kg</span></li>\r\n<li><span class=""a-list-item"">【素材＆材質】天板/プリント紙化粧パーティクルボード、天板側面/合成樹脂(PVC)、脚部/アルミ。</span></li>\r\n<li><span class=""a-list-item"">【持ち運び・収納も簡単】折りたたみから収納するまで2つのステップしかない！アルミニウム製の足を折りたためばベッドやソファー下、隙間への収納が可能。インストールする必要はありません。インドアやアウトドア活動に適用です。</span></li>\r\n<li><span class=""a-list-item"">【ヒューマナイズドデザイン】いつでもどこでも快適さをもたらします。 スペースアルミで作られたU型脚部、軽くてしっかり立てます。 脚部保護パッド、滑り止めで磨滅に耐える。 お腹にフィットする人間工学弧線設計で、もっと快適、凹溝付きで、タブレット/スマホが簡単に置けます。</span></li>\r\n<li><span class=""a-list-item"">【ノートパソコンに最適なミニデスク】11-17インチのノートPCの使用に最適な折り畳み式テーブル、ベッド・ソファーの上でも勉強や仕事、読書、執筆、ゲームなどの作業が快適に。お茶を飲んだり、お菓子を食べたり、お子さんの勉強机にも手頃な大きさで役立ちます。食事、勉強、ゲームなどの際にぴったりのちゃぶ台です。</span></li>\r\n</ul>\r\n",,1
1147,b1147,1147,bundle,bundle,images/bundle/1147_762.jpg,images/bundle/1147_277.jpg,,"<ul class=""point_description"">\r\n<li><span class=""a-list-item"">【テーブルサイズ】幅60奥行40×高さ28cm、重量2.6kg、耐荷重：40kg</span></li>\r\n<li><span class=""a-list-item"">【素材＆材質】天板/プリント紙化粧パーティクルボード、天板側面/合成樹脂(PVC)、脚部/アルミ。</span></li>\r\n<li><span class=""a-list-item"">【持ち運び・収納も簡単】折りたたみから収納するまで2つのステップしかない！アルミニウム製の足を折りたためばベッドやソファー下、隙間への収納が可能。インストールする必要はありません。インドアやアウトドア活動に適用です。</span></li>\r\n<li><span class=""a-list-item"">【ヒューマナイズドデザイン】いつでもどこでも快適さをもたらします。 スペースアルミで作られたU型脚部、軽くてしっかり立てます。 脚部保護パッド、滑り止めで磨滅に耐える。 お腹にフィットする人間工学弧線設計で、もっと快適、凹溝付きで、タブレット/スマホが簡単に置けます。</span></li>\r\n<li><span class=""a-list-item"">【ノートパソコンに最適なミニデスク】11-17インチのノートPCの使用に最適な折り畳み式テーブル、ベッド・ソファーの上でも勉強や仕事、読書、執筆、ゲームなどの作業が快適に。お茶を飲んだり、お菓子を食べたり、お子さんの勉強机にも手頃な大きさで役立ちます。食事、勉強、ゲームなどの際にぴったりのちゃぶ台です。</span></li>\r\n</ul>\r\n",,1
1150,b1150,1150,bundle,bundle,images/bundle/1150_762.jpg,images/bundle/1150_277.jpg,,"<ul class=""point_description"">\r\n<li><span class=""a-list-item"">【テーブルサイズ】幅60奥行40×高さ28cm、重量2.6kg、耐荷重：40kg</span></li>\r\n<li><span class=""a-list-item"">【素材＆材質】天板/プリント紙化粧パーティクルボード、天板側面/合成樹脂(PVC)、脚部/アルミ。</span></li>\r\n<li><span class=""a-list-item"">【持ち運び・収納も簡単】折りたたみから収納するまで2つのステップしかない！アルミニウム製の足を折りたためばベッドやソファー下、隙間への収納が可能。インストールする必要はありません。インドアやアウトドア活動に適用です。</span></li>\r\n<li><span class=""a-list-item"">【ヒューマナイズドデザイン】いつでもどこでも快適さをもたらします。 スペースアルミで作られたU型脚部、軽くてしっかり立てます。 脚部保護パッド、滑り止めで磨滅に耐える。 お腹にフィットする人間工学弧線設計で、もっと快適、凹溝付きで、タブレット/スマホが簡単に置けます。</span></li>\r\n<li><span class=""a-list-item"">【ノートパソコンに最適なミニデスク】11-17インチのノートPCの使用に最適な折り畳み式テーブル、ベッド・ソファーの上でも勉強や仕事、読書、執筆、ゲームなどの作業が快適に。お茶を飲んだり、お菓子を食べたり、お子さんの勉強机にも手頃な大きさで役立ちます。食事、勉強、ゲームなどの際にぴったりのちゃぶ台です。</span></li>\r\n</ul>\r\n",,1
1154,b1154,1154,bundle,bundle,images/bundle/1154_762.jpg,images/bundle/1154_277.jpg,,"<ul class=""point_description"">\r\n<li><span class=""a-list-item"">【テーブルサイズ】幅60奥行40×高さ28cm、重量2.6kg、耐荷重：40kg</span></li>\r\n<li><span class=""a-list-item"">【素材＆材質】天板/プリント紙化粧パーティクルボード、天板側面/合成樹脂(PVC)、脚部/アルミ。</span></li>\r\n<li><span class=""a-list-item"">【持ち運び・収納も簡単】折りたたみから収納するまで2つのステップしかない！アルミニウム製の足を折りたためばベッドやソファー下、隙間への収納が可能。インストールする必要はありません。インドアやアウトドア活動に適用です。</span></li>\r\n<li><span class=""a-list-item"">【ヒューマナイズドデザイン】いつでもどこでも快適さをもたらします。 スペースアルミで作られたU型脚部、軽くてしっかり立てます。 脚部保護パッド、滑り止めで磨滅に耐える。 お腹にフィットする人間工学弧線設計で、もっと快適、凹溝付きで、タブレット/スマホが簡単に置けます。</span></li>\r\n<li><span class=""a-list-item"">【ノートパソコンに最適なミニデスク】11-17インチのノートPCの使用に最適な折り畳み式テーブル、ベッド・ソファーの上でも勉強や仕事、読書、執筆、ゲームなどの作業が快適に。お茶を飲んだり、お菓子を食べたり、お子さんの勉強机にも手頃な大きさで役立ちます。食事、勉強、ゲームなどの際にぴったりのちゃぶ台です。</span></li>\r\n</ul>\r\n",,1
1155,b1155,1155,bundle,bundle,images/bundle/1155_762.jpg,images/bundle/1155_277.jpg,,"<ul class=""point_description"">\r\n<li><span class=""a-list-item"">【テーブルサイズ】幅60奥行40×高さ28cm、重量2.6kg、耐荷重：40kg</span></li>\r\n<li><span class=""a-list-item"">【素材＆材質】天板/プリント紙化粧パーティクルボード、天板側面/合成樹脂(PVC)、脚部/アルミ。</span></li>\r\n<li><span class=""a-list-item"">【持ち運び・収納も簡単】折りたたみから収納するまで2つのステップしかない！アルミニウム製の足を折りたためばベッドやソファー下、隙間への収納が可能。インストールする必要はありません。インドアやアウトドア活動に適用です。</span></li>\r\n<li><span class=""a-list-item"">【ヒューマナイズドデザイン】いつでもどこでも快適さをもたらします。 スペースアルミで作られたU型脚部、軽くてしっかり立てます。 脚部保護パッド、滑り止めで磨滅に耐える。 お腹にフィットする人間工学弧線設計で、もっと快適、凹溝付きで、タブレット/スマホが簡単に置けます。</span></li>\r\n<li><span class=""a-list-item"">【ノートパソコンに最適なミニデスク】11-17インチのノートPCの使用に最適な折り畳み式テーブル、ベッド・ソファーの上でも勉強や仕事、読書、執筆、ゲームなどの作業が快適に。お茶を飲んだり、お菓子を食べたり、お子さんの勉強机にも手頃な大きさで役立ちます。食事、勉強、ゲームなどの際にぴったりのちゃぶ台です。</span></li>\r\n</ul>\r\n",,1
1160,b1160,1160,bundle,bundle,images/bundle/1160_762.jpg,images/bundle/1160_277.jpg,,"<ul class=""point_description"">\r\n<li><span class=""a-list-item"">【テーブルサイズ】幅60奥行40×高さ28cm、重量2.6kg、耐荷重：40kg</span></li>\r\n<li><span class=""a-list-item"">【素材＆材質】天板/プリント紙化粧パーティクルボード、天板側面/合成樹脂(PVC)、脚部/アルミ。</span></li>\r\n<li><span class=""a-list-item"">【持ち運び・収納も簡単】折りたたみから収納するまで2つのステップしかない！アルミニウム製の足を折りたためばベッドやソファー下、隙間への収納が可能。インストールする必要はありません。インドアやアウトドア活動に適用です。</span></li>\r\n<li><span class=""a-list-item"">【ヒューマナイズドデザイン】いつでもどこでも快適さをもたらします。 スペースアルミで作られたU型脚部、軽くてしっかり立てます。 脚部保護パッド、滑り止めで磨滅に耐える。 お腹にフィットする人間工学弧線設計で、もっと快適、凹溝付きで、タブレット/スマホが簡単に置けます。</span></li>\r\n<li><span class=""a-list-item"">【ノートパソコンに最適なミニデスク】11-17インチのノートPCの使用に最適な折り畳み式テーブル、ベッド・ソファーの上でも勉強や仕事、読書、執筆、ゲームなどの作業が快適に。お茶を飲んだり、お菓子を食べたり、お子さんの勉強机にも手頃な大きさで役立ちます。食事、勉強、ゲームなどの際にぴったりのちゃぶ台です。</span></li>\r\n</ul>\r\n",,1
1164,b1164,1164,bundle,bundle,images/bundle/1164_762.jpg,images/bundle/1164_277.jpg,,"<ul class=""point_description"">\r\n<li><span class=""a-list-item"">【テーブルサイズ】幅60奥行40×高さ28cm、重量2.6kg、耐荷重：40kg</span></li>\r\n<li><span class=""a-list-item"">【素材＆材質】天板/プリント紙化粧パーティクルボード、天板側面/合成樹脂(PVC)、脚部/アルミ。</span></li>\r\n<li><span class=""a-list-item"">【持ち運び・収納も簡単】折りたたみから収納するまで2つのステップしかない！アルミニウム製の足を折りたためばベッドやソファー下、隙間への収納が可能。インストールする必要はありません。インドアやアウトドア活動に適用です。</span></li>\r\n<li><span class=""a-list-item"">【ヒューマナイズドデザイン】いつでもどこでも快適さをもたらします。 スペースアルミで作られたU型脚部、軽くてしっかり立てます。 脚部保護パッド、滑り止めで磨滅に耐える。 お腹にフィットする人間工学弧線設計で、もっと快適、凹溝付きで、タブレット/スマホが簡単に置けます。</span></li>\r\n<li><span class=""a-list-item"">【ノートパソコンに最適なミニデスク】11-17インチのノートPCの使用に最適な折り畳み式テーブル、ベッド・ソファーの上でも勉強や仕事、読書、執筆、ゲームなどの作業が快適に。お茶を飲んだり、お菓子を食べたり、お子さんの勉強机にも手頃な大きさで役立ちます。食事、勉強、ゲームなどの際にぴったりのちゃぶ台です。</span></li>\r\n</ul>\r\n",,1
1169,b1169,1169,bundle,bundle,images/bundle/1169_762.jpg,images/bundle/1169_277.jpg,,"<ul class=""point_description"">\r\n<li><span class=""a-list-item"">【テーブルサイズ】幅60奥行40×高さ28cm、重量2.6kg、耐荷重：40kg</span></li>\r\n<li><span class=""a-list-item"">【素材＆材質】天板/プリント紙化粧パーティクルボード、天板側面/合成樹脂(PVC)、脚部/アルミ。</span></li>\r\n<li><span class=""a-list-item"">【持ち運び・収納も簡単】折りたたみから収納するまで2つのステップしかない！アルミニウム製の足を折りたためばベッドやソファー下、隙間への収納が可能。インストールする必要はありません。インドアやアウトドア活動に適用です。</span></li>\r\n<li><span class=""a-list-item"">【ヒューマナイズドデザイン】いつでもどこでも快適さをもたらします。 スペースアルミで作られたU型脚部、軽くてしっかり立てます。 脚部保護パッド、滑り止めで磨滅に耐える。 お腹にフィットする人間工学弧線設計で、もっと快適、凹溝付きで、タブレット/スマホが簡単に置けます。</span></li>\r\n<li><span class=""a-list-item"">【ノートパソコンに最適なミニデスク】11-17インチのノートPCの使用に最適な折り畳み式テーブル、ベッド・ソファーの上でも勉強や仕事、読書、執筆、ゲームなどの作業が快適に。お茶を飲んだり、お菓子を食べたり、お子さんの勉強机にも手頃な大きさで役立ちます。食事、勉強、ゲームなどの際にぴったりのちゃぶ台です。</span></li>\r\n</ul>\r\n",,1
1174,b1174,1174,bundle,bundle,images/bundle/1174_762.jpg,images/bundle/1174_277.jpg,,"<ul class=""point_description"">\r\n<li><span class=""a-list-item"">【テーブルサイズ】幅60奥行40×高さ28cm、重量2.6kg、耐荷重：40kg</span></li>\r\n<li><span class=""a-list-item"">【素材＆材質】天板/プリント紙化粧パーティクルボード、天板側面/合成樹脂(PVC)、脚部/アルミ。</span></li>\r\n<li><span class=""a-list-item"">【持ち運び・収納も簡単】折りたたみから収納するまで2つのステップしかない！アルミニウム製の足を折りたためばベッドやソファー下、隙間への収納が可能。インストールする必要はありません。インドアやアウトドア活動に適用です。</span></li>\r\n<li><span class=""a-list-item"">【ヒューマナイズドデザイン】いつでもどこでも快適さをもたらします。 スペースアルミで作られたU型脚部、軽くてしっかり立てます。 脚部保護パッド、滑り止めで磨滅に耐える。 お腹にフィットする人間工学弧線設計で、もっと快適、凹溝付きで、タブレット/スマホが簡単に置けます。</span></li>\r\n<li><span class=""a-list-item"">【ノートパソコンに最適なミニデスク】11-17インチのノートPCの使用に最適な折り畳み式テーブル、ベッド・ソファーの上でも勉強や仕事、読書、執筆、ゲームなどの作業が快適に。お茶を飲んだり、お菓子を食べたり、お子さんの勉強机にも手頃な大きさで役立ちます。食事、勉強、ゲームなどの際にぴったりのちゃぶ台です。</span></li>\r\n</ul>\r\n",,1
1179,b1179,1179,bundle,bundle,images/bundle/1179_762.jpg,images/bundle/1179_277.jpg,,"<ul class=""point_description"">\r\n<li><span class=""a-list-item"">【テーブルサイズ】幅60奥行40×高さ28cm、重量2.6kg、耐荷重：40kg</span></li>\r\n<li><span class=""a-list-item"">【素材＆材質】天板/プリント紙化粧パーティクルボード、天板側面/合成樹脂(PVC)、脚部/アルミ。</span></li>\r\n<li><span class=""a-list-item"">【持ち運び・収納も簡単】折りたたみから収納するまで2つのステップしかない！アルミニウム製の足を折りたためばベッドやソファー下、隙間への収納が可能。インストールする必要はありません。インドアやアウトドア活動に適用です。</span></li>\r\n<li><span class=""a-list-item"">【ヒューマナイズドデザイン】いつでもどこでも快適さをもたらします。 スペースアルミで作られたU型脚部、軽くてしっかり立てます。 脚部保護パッド、滑り止めで磨滅に耐える。 お腹にフィットする人間工学弧線設計で、もっと快適、凹溝付きで、タブレット/スマホが簡単に置けます。</span></li>\r\n<li><span class=""a-list-item"">【ノートパソコンに最適なミニデスク】11-17インチのノートPCの使用に最適な折り畳み式テーブル、ベッド・ソファーの上でも勉強や仕事、読書、執筆、ゲームなどの作業が快適に。お茶を飲んだり、お菓子を食べたり、お子さんの勉強机にも手頃な大きさで役立ちます。食事、勉強、ゲームなどの際にぴったりのちゃぶ台です。</span></li>\r\n</ul>\r\n",,1
1182,b1182,1182,bundle,bundle,images/bundle/1182_762.jpg,images/bundle/1182_277.jpg,,"<ul class=""point_description"">\r\n<li><span class=""a-list-item"">【テーブルサイズ】幅60奥行40×高さ28cm、重量2.6kg、耐荷重：40kg</span></li>\r\n<li><span class=""a-list-item"">【素材＆材質】天板/プリント紙化粧パーティクルボード、天板側面/合成樹脂(PVC)、脚部/アルミ。</span></li>\r\n<li><span class=""a-list-item"">【持ち運び・収納も簡単】折りたたみから収納するまで2つのステップしかない！アルミニウム製の足を折りたためばベッドやソファー下、隙間への収納が可能。インストールする必要はありません。インドアやアウトドア活動に適用です。</span></li>\r\n<li><span class=""a-list-item"">【ヒューマナイズドデザイン】いつでもどこでも快適さをもたらします。 スペースアルミで作られたU型脚部、軽くてしっかり立てます。 脚部保護パッド、滑り止めで磨滅に耐える。 お腹にフィットする人間工学弧線設計で、もっと快適、凹溝付きで、タブレット/スマホが簡単に置けます。</span></li>\r\n<li><span class=""a-list-item"">【ノートパソコンに最適なミニデスク】11-17インチのノートPCの使用に最適な折り畳み式テーブル、ベッド・ソファーの上でも勉強や仕事、読書、執筆、ゲームなどの作業が快適に。お茶を飲んだり、お菓子を食べたり、お子さんの勉強机にも手頃な大きさで役立ちます。食事、勉強、ゲームなどの際にぴったりのちゃぶ台です。</span></li>\r\n</ul>\r\n",,1
1185,b1185,1185,bundle,bundle,images/bundle/1185_762.jpg,images/bundle/1185_277.jpg,,"<ul class=""point_description"">\r\n<li><span class=""a-list-item"">【テーブルサイズ】幅60奥行40×高さ28cm、重量2.6kg、耐荷重：40kg</span></li>\r\n<li><span class=""a-list-item"">【素材＆材質】天板/プリント紙化粧パーティクルボード、天板側面/合成樹脂(PVC)、脚部/アルミ。</span></li>\r\n<li><span class=""a-list-item"">【持ち運び・収納も簡単】折りたたみから収納するまで2つのステップしかない！アルミニウム製の足を折りたためばベッドやソファー下、隙間への収納が可能。インストールする必要はありません。インドアやアウトドア活動に適用です。</span></li>\r\n<li><span class=""a-list-item"">【ヒューマナイズドデザイン】いつでもどこでも快適さをもたらします。 スペースアルミで作られたU型脚部、軽くてしっかり立てます。 脚部保護パッド、滑り止めで磨滅に耐える。 お腹にフィットする人間工学弧線設計で、もっと快適、凹溝付きで、タブレット/スマホが簡単に置けます。</span></li>\r\n<li><span class=""a-list-item"">【ノートパソコンに最適なミニデスク】11-17インチのノートPCの使用に最適な折り畳み式テーブル、ベッド・ソファーの上でも勉強や仕事、読書、執筆、ゲームなどの作業が快適に。お茶を飲んだり、お菓子を食べたり、お子さんの勉強机にも手頃な大きさで役立ちます。食事、勉強、ゲームなどの際にぴったりのちゃぶ台です。</span></li>\r\n</ul>\r\n",,1
1190,b1190,1190,bundle,bundle,images/bundle/1190_762.jpg,images/bundle/1190_277.jpg,,"<ul class=""point_description"">\r\n<li><span class=""a-list-item"">【テーブルサイズ】幅60奥行40×高さ28cm、重量2.6kg、耐荷重：40kg</span></li>\r\n<li><span class=""a-list-item"">【素材＆材質】天板/プリント紙化粧パーティクルボード、天板側面/合成樹脂(PVC)、脚部/アルミ。</span></li>\r\n<li><span class=""a-list-item"">【持ち運び・収納も簡単】折りたたみから収納するまで2つのステップしかない！アルミニウム製の足を折りたためばベッドやソファー下、隙間への収納が可能。インストールする必要はありません。インドアやアウトドア活動に適用です。</span></li>\r\n<li><span class=""a-list-item"">【ヒューマナイズドデザイン】いつでもどこでも快適さをもたらします。 スペースアルミで作られたU型脚部、軽くてしっかり立てます。 脚部保護パッド、滑り止めで磨滅に耐える。 お腹にフィットする人間工学弧線設計で、もっと快適、凹溝付きで、タブレット/スマホが簡単に置けます。</span></li>\r\n<li><span class=""a-list-item"">【ノートパソコンに最適なミニデスク】11-17インチのノートPCの使用に最適な折り畳み式テーブル、ベッド・ソファーの上でも勉強や仕事、読書、執筆、ゲームなどの作業が快適に。お茶を飲んだり、お菓子を食べたり、お子さんの勉強机にも手頃な大きさで役立ちます。食事、勉強、ゲームなどの際にぴったりのちゃぶ台です。</span></li>\r\n</ul>\r\n",,1
1194,b1194,1194,bundle,bundle,images/bundle/1194_762.jpg,images/bundle/1194_277.jpg,,"<ul class=""point_description"">\r\n<li><span class=""a-list-item"">【テーブルサイズ】幅60奥行40×高さ28cm、重量2.6kg、耐荷重：40kg</span></li>\r\n<li><span class=""a-list-item"">【素材＆材質】天板/プリント紙化粧パーティクルボード、天板側面/合成樹脂(PVC)、脚部/アルミ。</span></li>\r\n<li><span class=""a-list-item"">【持ち運び・収納も簡単】折りたたみから収納するまで2つのステップしかない！アルミニウム製の足を折りたためばベッドやソファー下、隙間への収納が可能。インストールする必要はありません。インドアやアウトドア活動に適用です。</span></li>\r\n<li><span class=""a-list-item"">【ヒューマナイズドデザイン】いつでもどこでも快適さをもたらします。 スペースアルミで作られたU型脚部、軽くてしっかり立てます。 脚部保護パッド、滑り止めで磨滅に耐える。 お腹にフィットする人間工学弧線設計で、もっと快適、凹溝付きで、タブレット/スマホが簡単に置けます。</span></li>\r\n<li><span class=""a-list-item"">【ノートパソコンに最適なミニデスク】11-17インチのノートPCの使用に最適な折り畳み式テーブル、ベッド・ソファーの上でも勉強や仕事、読書、執筆、ゲームなどの作業が快適に。お茶を飲んだり、お菓子を食べたり、お子さんの勉強机にも手頃な大きさで役立ちます。食事、勉強、ゲームなどの際にぴったりのちゃぶ台です。</span></li>\r\n</ul>\r\n",,1
1199,b1199,1199,bundle,bundle,images/bundle/1199_762.jpg,images/bundle/1199_277.jpg,,"<ul class=""point_description"">\r\n<li><span class=""a-list-item"">【テーブルサイズ】幅60奥行40×高さ28cm、重量2.6kg、耐荷重：40kg</span></li>\r\n<li><span class=""a-list-item"">【素材＆材質】天板/プリント紙化粧パーティクルボード、天板側面/合成樹脂(PVC)、脚部/アルミ。</span></li>\r\n<li><span class=""a-list-item"">【持ち運び・収納も簡単】折りたたみから収納するまで2つのステップしかない！アルミニウム製の足を折りたためばベッドやソファー下、隙間への収納が可能。インストールする必要はありません。インドアやアウトドア活動に適用です。</span></li>\r\n<li><span class=""a-list-item"">【ヒューマナイズドデザイン】いつでもどこでも快適さをもたらします。 スペースアルミで作られたU型脚部、軽くてしっかり立てます。 脚部保護パッド、滑り止めで磨滅に耐える。 お腹にフィットする人間工学弧線設計で、もっと快適、凹溝付きで、タブレット/スマホが簡単に置けます。</span></li>\r\n<li><span class=""a-list-item"">【ノートパソコンに最適なミニデスク】11-17インチのノートPCの使用に最適な折り畳み式テーブル、ベッド・ソファーの上でも勉強や仕事、読書、執筆、ゲームなどの作業が快適に。お茶を飲んだり、お菓子を食べたり、お子さんの勉強机にも手頃な大きさで役立ちます。食事、勉強、ゲームなどの際にぴったりのちゃぶ台です。</span></li>\r\n</ul>\r\n",,1
1200,b1200,1200,bundle,bundle,images/bundle/1200_762.jpg,images/bundle/1200_277.jpg,,"<ul class=""point_description"">\r\n<li><span class=""a-list-item"">【テーブルサイズ】幅60奥行40×高さ28cm、重量2.6kg、耐荷重：40kg</span></li>\r\n<li><span class=""a-list-item"">【素材＆材質】天板/プリント紙化粧パーティクルボード、天板側面/合成樹脂(PVC)、脚部/アルミ。</span></li>\r\n<li><span class=""a-list-item"">【持ち運び・収納も簡単】折りたたみから収納するまで2つのステップしかない！アルミニウム製の足を折りたためばベッドやソファー下、隙間への収納が可能。インストールする必要はありません。インドアやアウトドア活動に適用です。</span></li>\r\n<li><span class=""a-list-item"">【ヒューマナイズドデザイン】いつでもどこでも快適さをもたらします。 スペースアルミで作られたU型脚部、軽くてしっかり立てます。 脚部保護パッド、滑り止めで磨滅に耐える。 お腹にフィットする人間工学弧線設計で、もっと快適、凹溝付きで、タブレット/スマホが簡単に置けます。</span></li>\r\n<li><span class=""a-list-item"">【ノートパソコンに最適なミニデスク】11-17インチのノートPCの使用に最適な折り畳み式テーブル、ベッド・ソファーの上でも勉強や仕事、読書、執筆、ゲームなどの作業が快適に。お茶を飲んだり、お菓子を食べたり、お子さんの勉強机にも手頃な大きさで役立ちます。食事、勉強、ゲームなどの際にぴったりのちゃぶ台です。</span></li>\r\n</ul>\r\n",,1
1205,b1205,1205,bundle,bundle,images/bundle/1205_762.jpg,images/bundle/1205_277.jpg,,"<ul class=""point_description"">\r\n<li><span class=""a-list-item"">【テーブルサイズ】幅60奥行40×高さ28cm、重量2.6kg、耐荷重：40kg</span></li>\r\n<li><span class=""a-list-item"">【素材＆材質】天板/プリント紙化粧パーティクルボード、天板側面/合成樹脂(PVC)、脚部/アルミ。</span></li>\r\n<li><span class=""a-list-item"">【持ち運び・収納も簡単】折りたたみから収納するまで2つのステップしかない！アルミニウム製の足を折りたためばベッドやソファー下、隙間への収納が可能。インストールする必要はありません。インドアやアウトドア活動に適用です。</span></li>\r\n<li><span class=""a-list-item"">【ヒューマナイズドデザイン】いつでもどこでも快適さをもたらします。 スペースアルミで作られたU型脚部、軽くてしっかり立てます。 脚部保護パッド、滑り止めで磨滅に耐える。 お腹にフィットする人間工学弧線設計で、もっと快適、凹溝付きで、タブレット/スマホが簡単に置けます。</span></li>\r\n<li><span class=""a-list-item"">【ノートパソコンに最適なミニデスク】11-17インチのノートPCの使用に最適な折り畳み式テーブル、ベッド・ソファーの上でも勉強や仕事、読書、執筆、ゲームなどの作業が快適に。お茶を飲んだり、お菓子を食べたり、お子さんの勉強机にも手頃な大きさで役立ちます。食事、勉強、ゲームなどの際にぴったりのちゃぶ台です。</span></li>\r\n</ul>\r\n",,1
1206,b1206,1206,bundle,bundle,images/bundle/1206_762.jpg,images/bundle/1206_277.jpg,,"<ul class=""point_description"">\r\n<li><span class=""a-list-item"">【テーブルサイズ】幅60奥行40×高さ28cm、重量2.6kg、耐荷重：40kg</span></li>\r\n<li><span class=""a-list-item"">【素材＆材質】天板/プリント紙化粧パーティクルボード、天板側面/合成樹脂(PVC)、脚部/アルミ。</span></li>\r\n<li><span class=""a-list-item"">【持ち運び・収納も簡単】折りたたみから収納するまで2つのステップしかない！アルミニウム製の足を折りたためばベッドやソファー下、隙間への収納が可能。インストールする必要はありません。インドアやアウトドア活動に適用です。</span></li>\r\n<li><span class=""a-list-item"">【ヒューマナイズドデザイン】いつでもどこでも快適さをもたらします。 スペースアルミで作られたU型脚部、軽くてしっかり立てます。 脚部保護パッド、滑り止めで磨滅に耐える。 お腹にフィットする人間工学弧線設計で、もっと快適、凹溝付きで、タブレット/スマホが簡単に置けます。</span></li>\r\n<li><span class=""a-list-item"">【ノートパソコンに最適なミニデスク】11-17インチのノートPCの使用に最適な折り畳み式テーブル、ベッド・ソファーの上でも勉強や仕事、読書、執筆、ゲームなどの作業が快適に。お茶を飲んだり、お菓子を食べたり、お子さんの勉強机にも手頃な大きさで役立ちます。食事、勉強、ゲームなどの際にぴったりのちゃぶ台です。</span></li>\r\n</ul>\r\n",,1
1211,b1211,1211,bundle,bundle,images/bundle/1211_762.jpg,images/bundle/1211_277.jpg,,"<ul class=""point_description"">\r\n<li><span class=""a-list-item"">【テーブルサイズ】幅60奥行40×高さ28cm、重量2.6kg、耐荷重：40kg</span></li>\r\n<li><span class=""a-list-item"">【素材＆材質】天板/プリント紙化粧パーティクルボード、天板側面/合成樹脂(PVC)、脚部/アルミ。</span></li>\r\n<li><span class=""a-list-item"">【持ち運び・収納も簡単】折りたたみから収納するまで2つのステップしかない！アルミニウム製の足を折りたためばベッドやソファー下、隙間への収納が可能。インストールする必要はありません。インドアやアウトドア活動に適用です。</span></li>\r\n<li><span class=""a-list-item"">【ヒューマナイズドデザイン】いつでもどこでも快適さをもたらします。 スペースアルミで作られたU型脚部、軽くてしっかり立てます。 脚部保護パッド、滑り止めで磨滅に耐える。 お腹にフィットする人間工学弧線設計で、もっと快適、凹溝付きで、タブレット/スマホが簡単に置けます。</span></li>\r\n<li><span class=""a-list-item"">【ノートパソコンに最適なミニデスク】11-17インチのノートPCの使用に最適な折り畳み式テーブル、ベッド・ソファーの上でも勉強や仕事、読書、執筆、ゲームなどの作業が快適に。お茶を飲んだり、お菓子を食べたり、お子さんの勉強机にも手頃な大きさで役立ちます。食事、勉強、ゲームなどの際にぴったりのちゃぶ台です。</span></li>\r\n</ul>\r\n",,1